state,order_lines
"Andaman and Nicobar Islands",257
"Andhra Pradesh",5430
"Arunachal Pradesh",147
Assam,1663
Bihar,2114
Chandigarh,333
Chhattisgarh,909
"Dadra and Nagar Haveli",70
Delhi,7048
Goa,1137
Gujarat,4489
Haryana,4415
"Himachal Pradesh",788
"Jammu and Kashmir",702
Jharkhand,1456
Karnataka,17325
Kerala,6584
Ladakh,43
Lakshadweep,4
"Madhya Pradesh",2529
Maharashtra,22259
Manipur,316
Meghalaya,207
Mizoram,76
Nagaland,187
Odisha,2139
Puducherry,351
Punjab,1918
Rajasthan,2718
Sikkim,205
"Tamil Nadu",11483
Telangana,11330
Tripura,151
Unknown,34
"Uttar Pradesh",10637
Uttarakhand,1553
"West Bengal",5962
