sku,design,colour,stock_units
#REF!,BL006,Black,1
AN201-RED-L,AN201,Red,5
AN201-RED-S,AN201,Red,3
AN202-ORANGE-L,AN202,Orange,11
AN202-ORANGE-XL,AN202,Orange,8
AN203-MAROON-L,AN203,Maroon,1
AN203-MAROON-M,AN203,Maroon,2
AN203-MAROON-S,AN203,Maroon,2
AN203-MAROON-XL,AN203,Maroon,2
AN204-PURPLE-XL,AN204,Purple,3
AN205-YELLOW-L,AN205,Yellow,9
AN205-YELLOW-M,AN205,Yellow,7
AN206-GREEN-L,AN206,Green,10
AN206-GREEN-S,AN206,Green,13
AN206-GREEN-XXL,AN206,Green,13
AN207-PINK-M,AN207,Pink,2
AN207-PINK-XL,AN207,Pink,1
AN209-BIEGE-L,AN209,Beige,4
AN209-BIEGE-M,AN209,Beige,7
AN209-BIEGE-S,AN209,Beige,4
AN210-NAVY-L,AN210,"Navy Blue",5
AN210-NAVY-M,AN210,"Navy Blue",3
AN210-NAVY-S,AN210,"Navy Blue",4
AN210-NAVY-XL,AN210,"Navy Blue",2
AN210-NAVY-XXL,AN210,"Navy Blue",2
AN211-BLACK-M,AN211,Black,1
AN213-BROWN-XXL,AN213,Brown,8
BL004-50CHIKU,BL004,Beige,38
BL005-54RED,BL005,Red,16
BL007-61PINK,BL007,Pink,56
BL008-61RED,BL008,Red,35
BL010-61CHIKU,BL010,Beige,75
BL011-62PINK,BL011,Pink,22
BL0115-S,BL115,Olive,2
BL014-62CHIKU,BL014,Beige,73
BL016-63RED,BL016,Red,24
BL018-63BEIGE,BL018,Beige,39
BL023-74PINK,BL023,Pink,50
BL025-74BLACK,BL025,Black,199
BL030-78BEIGE,BL030,Beige,10
BL031-79PINK,BL031,Pink,8
BL034-150GOLD,BL034,Gold,31
BL040-65PINK,BL040,Pink,31
BL041-65RED,BL041,Red,30
BL046-82RED,BL046,Red,23
BL050-83RED,BL050,Red,63
BL051-83BLACK,BL051,Black,42
BL053-153GOLD,BL053,Gold,20
BL055-164GOLD,BL055,Gold,68
BL057-65BLACK,BL057,Black,114
BL058-65BEIGE,BL058,Beige,20
BL061-75BLACK,BL061,Black,488
BL075-85CHIKU,BL075,Chiku,7
BL076-86BLACK,BL076,Black,21
BL077-86RED,BL077,Red,8
BL078-87BLACK,BL078,Black,18
BL080-88BLACK,BL080,Black,12
BL081-88PINK,BL081,Pink,30
BL082-88CHIKU,BL082,Beige,9
BL083-186GOLD,BL083,Gold,16
BL084-187GOLD,BL084,Gold,11
BL085-L,BL085,Orange,24
BL085-M,BL085,Orange,15
BL085-XL,BL085,Orange,13
BL085-XS,BL085,Orange,6
BL085-XXL,BL085,Orange,11
BL086-L,BL086,Blue,4
BL086-M,BL086,Blue,5
BL086-S,BL086,Blue,2
BL086-XS,BL086,Blue,8
BL087-XL,BL087,Multicolor,5
BL089-L,BL089,Multicolor,4
BL089-S,BL089,Multicolor,3
BL089-XL,BL089,Multicolor,8
BL090-L,BL090,Peach,30
BL090-XL,BL090,Peach,16
BL091-L,BL091,Multicolor,4
BL091-M,BL091,Multicolor,4
BL091-S,BL091,Multicolor,7
BL091-XL,BL091,Multicolor,3
BL091-XS,BL091,Multicolor,7
BL091-XXL,BL091,Multicolor,3
BL092-L,BL092,Blue,20
BL092-M,BL092,Blue,22
BL092-S,BL092,Blue,13
BL092-XL,BL092,Blue,27
BL092-XS,BL092,Blue,17
BL092-XXL,BL092,Blue,25
BL093-L,BL093,Grey,2
BL093-XL,BL093,Grey,4
BL093-XS,BL093,Grey,4
BL093-XXL,BL093,Grey,3
BL095-L,BL095,Multicolor,51
BL095-S,BL095,Multicolor,51
BL095-XS,BL095,Multicolor,59
BL095-XXL,BL095,Multicolor,32
BL096-L,BL096,Beige,2
BL096-M,BL096,Beige,2
BL096-XS,BL096,Beige,8
BL096-XXL,BL096,Beige,2
BL097-L,BL097,Maroon,42
BL097-M,BL097,Maroon,25
BL097-S,BL097,Maroon,39
BL097-XL,BL097,Maroon,11
BL097-XS,BL097,Maroon,9
BL097-XXL,BL097,Maroon,35
BL098-L,BL098,Brown,25
BL099-M,BL099,Black,6
BL099-XL,BL099,Black,6
BL099-XXL,BL099,Black,4
BL100-L,BL100,Green,4
BL100-XS,BL100,Green,9
BL100-XXL,BL100,Green,5
BL101-L,BL101,Grey,2
BL101-XL,BL101,Grey,4
BL102-XL,BL102,"Navy Blue",19
BL102-XXL,BL102,"Navy Blue",6
BL104-XL,BL104,Black,20
BL107-L,BL107,White,2
BL111-XXL,BL111,Black,2
BTM002-M,BTM002,White,40
BTM002-XS,BTM002,White,158
BTM002-XXL,BTM002,White,158
BTM003-L,BTM003,Maroon,32
BTM003-S,BTM003,Maroon,35
BTM003-XL,BTM003,Maroon,24
BTM003-XS,BTM003,Maroon,40
BTM003-XXL,BTM003,Maroon,4
BTM004-L,BTM004,White,1
BTM004-S,BTM004,White,2
BTM004-XL,BTM004,White,3
BTM004-XXL,BTM004,White,2
BTM005-M,BTM005,Black,250
BTM005-S,BTM005,Black,347
BTM005-XL,BTM005,Black,75
BTM005-XS,BTM005,Black,88
BTM006-L,BTM006,Green,2
BTM006-M,BTM006,Green,2
BTM006-S,BTM006,Green,1
BTM006-XL,BTM006,Green,3
BTM006-XS,BTM006,Green,3
BTM006-XXL,BTM006,Green,3
BTM006-XXXL,BTM006,Green,4
BTM007-L,BTM007,Beige,2
BTM007-M,BTM007,Beige,1
BTM007-S,BTM007,Beige,2
BTM007-XL,BTM007,Beige,3
BTM007-XS,BTM007,Beige,2
BTM007-XXL,BTM007,Beige,2
BTM008-M,BTM008,Grey,1
BTM008-S,BTM008,Grey,5
BTM008-XS,BTM008,Grey,21
BTM021-L,BTM021,"Navy Blue",136
BTM021-M,BTM021,"Navy Blue",63
BTM021-S,BTM021,"Navy Blue",134
BTM021-XL,BTM021,"Navy Blue",176
BTM021-XS,BTM021,"Navy Blue",41
BTM021-XXL,BTM021,"Navy Blue",92
BTM021-XXXL,BTM021,"Navy Blue",102
BTM027-NP-L,BTM027,Green,14
BTM027-NP-M,BTM027,Green,14
BTM027-NP-S,BTM027,Green,37
BTM027-NP-XL,BTM027,Green,8
BTM027-NP-XS,BTM027,Green,25
BTM029-NP-XS,BTM029,Beige,2
BTM031-NP-S,BTM031,Brown,56
BTM031-NP-XXXL,BTM031,Brown,50
BTM032-NP-L,BTM032,Pink,1
BTM032-NP-M,BTM032,Pink,1
BTM032-NP-XL,BTM032,Pink,1
BTM032-NP-XXL,BTM032,Pink,3
BTM032-NP-XXXL,BTM032,Pink,1
BTM033-NP-M,BTM033,"Turquoise Blue",1
BTM033-NP-S,BTM033,"Turquoise Blue",1
BTM033-NP-XL,BTM033,"Turquoise Blue",1
BTM035-NP-S,BTM035,Mustard,4
BTM035-NP-XL,BTM035,Mustard,1
BTM035-NP-XXL,BTM035,Mustard,3
BTM036-PP-XS,BTM036,Red,33
BTM037-PP-L,BTM037,Teal,2
BTM038-PP-M,BTM038,Black,2
BTM038-PP-XL,BTM038,Black,2
BTM040-PP-L,BTM040,Brown,2
BTM041-PP-M,BTM041,Grey,5
BTM041-PP-S,BTM041,Grey,51
BTM043-PP-L,BTM043,Khaki,2
BTM043-PP-M,BTM043,Khaki,2
BTM044-PP-L,BTM044,Maroon,2
BTM044-PP-S,BTM044,Maroon,5
BTM045-PP-L,BTM045,"Olive Green",4
BTM045-PP-S,BTM045,"Olive Green",34
BTM045-PP-XS,BTM045,"Olive Green",26
BTM046-PP-L,BTM046,"Navy Blue",3
BTM046-PP-S,BTM046,"Navy Blue",29
BTM046-PP-XS,BTM046,"Navy Blue",27
BTM046-PP-XXL,BTM046,"Navy Blue",2
BTM046-PP-XXXL,BTM046,"Navy Blue",3
BTM047-PP-XL,BTM047,Pink,6
BTM048-PP-S,BTM048,Green,6
BTM048-PP-XL,BTM048,Green,2
BTM048-PP-XXXL,BTM048,Green,16
BTM049-SHA-L,BTM049,"TEAL BLUE ",19
BTM049-SHA-M,BTM049,"TEAL BLUE ",22
BTM049-SHA-S,BTM049,"TEAL BLUE ",29
BTM049-SHA-XL,BTM049,"TEAL BLUE ",25
BTM049-SHA-XXL,BTM049,"TEAL BLUE ",28
BTM050-SHA-L,BTM050,Cream,20
BTM050-SHA-M,BTM050,Cream,25
BTM050-SHA-S,BTM050,Cream,26
BTM050-SHA-XL,BTM050,Cream,23
BTM050-SHA-XXL,BTM050,Cream,25
BTM051-SHA-L,BTM051,Black,28
BTM051-SHA-M,BTM051,Black,30
BTM051-SHA-S,BTM051,Black,34
BTM051-SHA-XL,BTM051,Black,32
BTM051-SHA-XXL,BTM051,Black,35
BTM052-SHA-L,BTM052,Pink,32
BTM052-SHA-M,BTM052,Pink,27
BTM052-SHA-S,BTM052,Pink,42
BTM052-SHA-XL,BTM052,Pink,37
BTM052-SHA-XXL,BTM052,Pink,36
BTM053-SHA-L,BTM053,Red,17
BTM053-SHA-M,BTM053,Red,34
BTM053-SHA-S,BTM053,Red,41
BTM053-SHA-XL,BTM053,Red,36
BTM053-SHA-XXL,BTM053,Red,39
BTM054-SK-L,BTM054,Black,31
BTM054-SK-M,BTM054,Black,35
BTM054-SK-S,BTM054,Black,37
BTM054-SK-XL,BTM054,Black,36
BTM054-SK-XXL,BTM054,Black,38
BTM055-SK-L,BTM055,"OFF WHITE",31
BTM055-SK-M,BTM055,"OFF WHITE",33
BTM055-SK-S,BTM055,"OFF WHITE",36
BTM055-SK-XL,BTM055,"OFF WHITE",36
BTM055-SK-XXL,BTM055,"OFF WHITE",36
BTM056-SHA-L,BTM056,Black,21
BTM056-SHA-M,BTM056,Black,31
BTM056-SHA-S,BTM056,Black,32
BTM056-SHA-XL,BTM056,Black,31
BTM056-SHA-XXL,BTM056,Black,31
BTM057-SHA-L,BTM057,"Navy Blue",30
BTM057-SHA-M,BTM057,"Navy Blue",30
BTM057-SHA-S,BTM057,"Navy Blue",31
BTM057-SHA-XL,BTM057,"Navy Blue",33
BTM057-SHA-XXL,BTM057,"Navy Blue",31
BTM058-SHA-L,BTM058,Cream,26
BTM058-SHA-M,BTM058,Cream,28
BTM058-SHA-S,BTM058,Cream,33
BTM058-SHA-XL,BTM058,Cream,30
BTM058-SHA-XXL,BTM058,Cream,30
BTM059-SK-L,BTM059,"OFF WHITE",29
BTM059-SK-M,BTM059,"OFF WHITE",32
BTM059-SK-S,BTM059,"OFF WHITE",34
BTM059-SK-XL,BTM059,"OFF WHITE",32
BTM059-SK-XXL,BTM059,"OFF WHITE",34
BTM060-SK-L,BTM060,Black,33
BTM060-SK-M,BTM060,Black,30
BTM060-SK-S,BTM060,Black,34
BTM060-SK-XL,BTM060,Black,33
BTM060-SK-XXL,BTM060,Black,33
CH201-RED-L,CH201,Red,3
CH201-RED-S,CH201,Red,6
CH201-RED-XL,CH201,Red,4
CH201-RED-XXL,CH201,Red,2
CH202-ORANGE-M,CH202,Orange,8
CH202-ORANGE-S,CH202,Orange,7
CH202-ORANGE-XL,CH202,Orange,5
CH203-MAROON-M,CH203,Maroon,4
CH203-MAROON-XL,CH203,Maroon,3
CH203-MAROON-XXL,CH203,Maroon,2
CH204-PURPLE-XL,CH204,Purple,2
CH204-PURPLE-XXL,CH204,Purple,2
CH205-YELLOW-L,CH205,Yellow,3
CH205-YELLOW-M,CH205,Yellow,4
CH206-GREEN-L,CH206,Green,5
CH206-GREEN-S,CH206,Green,10
CH206-GREEN-XL,CH206,Green,5
CH207-PINK-M,CH207,Pink,3
CH207-PINK-S,CH207,Pink,5
CH207-PINK-XL,CH207,Pink,2
CH207-PINK-XXL,CH207,Pink,2
CH208-MUSTARD-XL,CH208,Mustard,4
CH209-BIEGE-L,CH209,Beige,3
CH209-BIEGE-M,CH209,Beige,3
CH209-BIEGE-S,CH209,Beige,4
CH209-BIEGE-XXL,CH209,Beige,2
CH210-NAVY-L,CH210,"Navy Blue",2
CH210-NAVY-M,CH210,"Navy Blue",4
CH210-NAVY-S,CH210,"Navy Blue",3
CH210-NAVY-XL,CH210,"Navy Blue",2
CH210-NAVY-XXL,CH210,"Navy Blue",3
CH211-BLACK-L,CH211,Black,2
CH211-BLACK-M,CH211,Black,5
CH211-BLACK-S,CH211,Black,3
CH211-BLACK-XL,CH211,Black,3
CH211-BLACK-XXL,CH211,Black,1
CH212-WHITE-L,CH212,White,2
CH212-WHITE-M,CH212,White,2
CH212-WHITE-S,CH212,White,2
CH212-WHITE-XL,CH212,White,2
CH212-WHITE-XXL,CH212,White,1
CH213-BROWN-XL,CH213,Brown,3
CH213-BROWN-XXL,CH213,Brown,3
J0011-LCD-L,J0011,Pink,71
J0013-SKD-XL,J0013,"Light Green",4
J0015-DR-M,J0015,"Light Pink",1
J0015-DR-XL,J0015,"Light Pink",2
J0016-DR-L,J0016,Mustard,2
J0016-DR-M,J0016,Mustard,2
J0016-DR-S,J0016,Mustard,2
J0016-DR-XL,J0016,Mustard,1
J0016-DR-XXL,J0016,Mustard,2
J0016-DR-XXXL,J0016,Mustard,1
J0019-SET-XXL,J0019,Red,1
J0019-SET-XXXL,J0019,Red,1
J0020-SET-L,J0020,Yellow,2
J0020-SET-M,J0020,Yellow,3
J0020-SET-S,J0020,Yellow,4
J0021-TP-M,J0021,Red,1
J0021-TP-S,J0021,Red,1
J0021-TP-XS,J0021,Red,3
J0021-TP-XXXL,J0021,Red,1
J0022-KR-L,J0022,"Lemon Yellow",2
J0022-KR-S,J0022,"Lemon Yellow",1
J0022-KR-XXXL,J0022,"Lemon Yellow",2
J0023-TP-M,J0023,"Turquoise Blue",2
J0024-KR-L,J0024,"Sea Green",135
J0024-KR-S,J0024,"Sea Green",176
J0024-KR-XS,J0024,"Sea Green",151
J0024-KR-XXXL,J0024,"Sea Green",63
J0025-DR-L,J0025,"Sea Green",1
J0026-KR-L,J0026,"Turquoise Green",1
J0026-KR-M,J0026,"Turquoise Green",1
J0026-KR-XXL,J0026,"Turquoise Green",1
J0027-SET-XL,J0027,"Turquoise Green",1
J0028-KR-XL,J0028,Red,1
J0028-KR-XXL,J0028,Red,1
J0028-KR-XXXL,J0028,Red,1
J0029-KR-XXXL,J0029,Pink,1
J0030-TP-L,J0030,"Dark Green",1
J0030-TP-M,J0030,"Dark Green",1
J0030-TP-XXXL,J0030,"Dark Green",1
J0034-SET-S,J0034,LEMON,34
J0035-KR-M,J0035,"Lemon Yellow",2
J0035-KR-S,J0035,"Lemon Yellow",5
J0035-KR-XL,J0035,"Lemon Yellow",2
J0035-KR-XS,J0035,"Lemon Yellow",6
J0035-KR-XXXL,J0035,"Lemon Yellow",2
J0036-TP-M,J0036,Grey,1
J0036-TP-S,J0036,Grey,2
J0036-TP-XL,J0036,Grey,1
J0036-TP-XXL,J0036,Grey,1
J0037-KR-M,J0037,"Sky Blue",5
J0037-KR-S,J0037,"Sky Blue",9
J0037-KR-XL,J0037,"Sky Blue",2
J0037-KR-XS,J0037,"Sky Blue",27
J0038-DR-L,J0038,Peach,1
J0038-DR-M,J0038,Peach,1
J0038-DR-XL,J0038,Peach,1
J0038-DR-XXL,J0038,Peach,1
J0039-SET-L,J0039,Yellow,2
J0039-SET-M,J0039,Yellow,1
J0039-SET-XL,J0039,Yellow,3
J0040-SET-L,J0040,"Light Green",1
J0040-SET-M,J0040,"Light Green",1
J0040-SET-XL,J0040,"Light Green",2
J0042-DR-XXL,J0042,"Turquoise Blue",1
J0042-DR-XXXL,J0042,"Turquoise Blue",2
J0043-SET-L,J0043,Peach,1
J0044-TP-L,J0044,"Sky Blue",1
J0046-TP-L,J0046,Grey,2
J0046-TP-M,J0046,Grey,1
J0046-TP-S,J0046,Grey,1
J0046-TP-XS,J0046,Grey,2
J0046-TP-XXL,J0046,Grey,1
J0046-TP-XXXL,J0046,Grey,1
J0047-TP-L,J0047,Pink,1
J0047-TP-M,J0047,Pink,2
J0047-TP-S,J0047,Pink,1
J0047-TP-XS,J0047,Pink,4
J0047-TP-XXL,J0047,Pink,3
J0047-TP-XXXL,J0047,Pink,2
J0048-TP-L,J0048,"LIME GREEN",2
J0048-TP-M,J0048,"LIME GREEN",3
J0048-TP-XXXL,J0048,"LIME GREEN",1
J0057-DR-L,J0057,Green,2
J0057-DR-M,J0057,Green,2
J0057-DR-XL,J0057,Green,2
J0057-DR-XXL,J0057,Green,2
J0057-DR-XXXL,J0057,Green,2
J0058-DR-L,J0058,Blue,2
J0058-DR-M,J0058,Blue,2
J0058-DR-S,J0058,Blue,3
J0058-DR-XL,J0058,Blue,1
J0058-DR-XXL,J0058,Blue,1
J0061-SET-S,J0061,Mustard,1
J0061-SET-XL,J0061,Mustard,2
J0061-SET-XS,J0061,Mustard,2
J0061-SET-XXL,J0061,Mustard,1
J0061-SET-XXXL,J0061,Mustard,4
J0062-DR-M,J0062,Multicolor,4
J0062-DR-XL,J0062,Multicolor,2
J0062-DR-XXXL,J0062,Multicolor,3
J0070-KR-L,J0070,"Light Green",1
J0073-KR-S,J0073,"Light Blue",2
J0073-KR-XS,J0073,"Light Blue",3
J0074-TP-XXXL,J0074,"Dark Blue",1
J0075-KR-L,J0075,Pink,1
J0075-KR-XL,J0075,Pink,1
J0075-KR-XXXL,J0075,Pink,1
J0076-SET-L,J0076,"Light Green",1
J0076-SET-M,J0076,"Light Green",3
J0076-SET-XS,J0076,"Light Green",1
J0078-SET-XS,J0078,Pink,17
J0079-SKD-M,J0079,Pink,36
J0079-SKD-XS,J0079,Pink,51
J0079-SKD-XXL,J0079,Pink,53
J0082-TP-M,J0082,Black,2
J0082-TP-XXXL,J0082,Black,2
J0084-TP-L,J0084,Blue,1
J0086-DR-XL,J0086,"Light Green",1
J0086-DR-XXL,J0086,"Light Green",1
J0093-DR-XL,J0093,Blue,1
J0093-DR-XXXL,J0093,Blue,1
J0098-TP-XL,J0098,Mustard,1
J0099-TP-M,J0099,Pink,1
J0099-TP-S,J0099,Pink,1
J0099-TP-XL,J0099,Pink,2
J0099-TP-XS,J0099,Pink,1
J0099-TP-XXXL,J0099,Pink,2
J0100-DR-L,J0100,Green,44
J0100-DR-M,J0100,Green,39
J0100-DR-XL,J0100,Green,46
J0101-DR-M,J0101,"Light Green",3
J0101-DR-XL,J0101,"Light Green",3
J0101-DR-XXXL,J0101,"Light Green",5
J0102-SKD-L,J0102,Purple,35
J0103-SKD-M,J0103,Yellow,44
J0104-KR-L,J0104,Indigo,1
J0104-KR-XXXL,J0104,Indigo,1
J0109-SKD-XS,J0109,Black,125
J0110-SKD-XS,J0110,Black,63
J0110-SKD-XXXL,J0110,Black,1
J0114-TP-L,J0114,Pink,1
J0114-TP-XL,J0114,Pink,2
J0114-TP-XXXL,J0114,Pink,1
J0115-TP-L,J0115,Red,1
J0115-TP-M,J0115,Red,2
J0115-TP-S,J0115,Red,5
J0115-TP-XL,J0115,Red,1
J0115-TP-XS,J0115,Red,8
J0115-TP-XXXL,J0115,Red,2
J0116-TP-L,J0116,Olive,1
J0116-TP-XXXL,J0116,Olive,3
J0117-TP-L,J0117,White,31
J0121-TP-M,J0121,Black,3
J0121-TP-XL,J0121,Black,2
J0121-TP-XS,J0121,Black,4
J0121-TP-XXL,J0121,Black,2
J0121-TP-XXXL,J0121,Black,2
J0122-TP-L,J0122,White,4
J0123-TP-L,J0123,White,2
J0123-TP-S,J0123,White,2
J0129-SET-L,J0129,Pink,1
J0129-SET-XL,J0129,Pink,1
J0131-KR-M,J0131,Teal,3
J0132-KR-M,J0132,Orange,1
J0132-KR-S,J0132,Orange,1
J0133-KR-L,J0133,Maroon,2
J0133-KR-M,J0133,Maroon,3
J0133-KR-S,J0133,Maroon,3
J0133-KR-XL,J0133,Maroon,2
J0136-KR-L,J0136,Black,20
J0138-KR-L,J0138,Red,2
J0140-SET-XS,J0140,White,3
J0141-KR-L,J0141,Blue,1
J0141-KR-M,J0141,Blue,1
J0141-KR-S,J0141,Blue,2
J0141-KR-XL,J0141,Blue,1
J0141-KR-XS,J0141,Blue,3
J0141-KR-XXXL,J0141,Blue,2
J0143-SET-L,J0143,Green,2
J0143-SET-M,J0143,Green,2
J0143-SET-S,J0143,Green,2
J0143-SET-XS,J0143,Green,3
J0143-SET-XXL,J0143,Green,2
J0144-SET-M,J0144,Red,1
J0144-SET-XXXL,J0144,Red,1
J0145-SET-XL,J0145,Black,3
J0146-SET-L,J0146,Mustard,1
J0146-SET-S,J0146,Mustard,1
J0147-SET-S,J0147,Teal,2
J0151-KR-M,J0151,Green,3
J0151-KR-XL,J0151,Green,3
J0151-KR-XXXL,J0151,Green,2
J0152-DR-XXXL,J0152,Blue,3
J0155-KR-M,J0155,Green,2
J0155-KR-XS,J0155,Green,62
J0155-KR-XXL,J0155,Green,20
J0159-DR-XL,J0159,Blue,3
J0166-DR-L,J0166,Pink,2
J0166-DR-XXL,J0166,Pink,2
J0166-DR-XXXL,J0166,Pink,2
J0167-KR-XXXL,J0167,Pink,1
J0168-DR-XL,J0168,"Sky Blue",2
J0168-DR-XS,J0168,"Sky Blue",37
J0168-DR-XXL,J0168,"Sky Blue",3
J0168-DR-XXXL,J0168,"Sky Blue",1
J0169-KR-M,J0169,Multicolor,1
J0169-KR-S,J0169,Multicolor,1
J0169-KR-XS,J0169,Multicolor,2
J0169-KR-XXL,J0169,Multicolor,1
J0169-KR-XXXL,J0169,Multicolor,1
J0170-TP-L,J0170,Blue,2
J0170-TP-M,J0170,Blue,1
J0170-TP-S,J0170,Blue,4
J0170-TP-XL,J0170,Blue,3
J0170-TP-XS,J0170,Blue,19
J0170-TP-XXL,J0170,Blue,4
J0170-TP-XXXL,J0170,Blue,3
J0171-DR-S,J0171,Blue,13
J0171-DR-XS,J0171,Blue,73
J0172-TP-S,J0172,Blue,1
J0173-DR-M,J0173,Red,3
J0173-DR-XL,J0173,Red,2
J0173-DR-XXL,J0173,Red,2
J0173-DR-XXXL,J0173,Red,2
J0174-TP-L,J0174,Maroon,1
J0174-TP-XXL,J0174,Maroon,3
J0174-TP-XXXL,J0174,Maroon,2
J0175-KR-XS,J0175,Maroon,37
J0177-KR-L,J0177,Green,1
J0177-KR-XXL,J0177,Green,2
J0177-KR-XXXL,J0177,Green,2
J0178-TP-S,J0178,Multicolor,1
J0180-DR-L,J0180,Pink,1
J0180-DR-M,J0180,Pink,1
J0180-DR-S,J0180,Pink,3
J0180-DR-XL,J0180,Pink,2
J0182-SET-L,J0182,"OFF WHITE",2
J0182-SET-XL,J0182,"OFF WHITE",1
J0182-SET-XS,J0182,"OFF WHITE",2
J0182-SET-XXL,J0182,"OFF WHITE",1
J0183-TP-L,J0183,"OFF WHITE",1
J0183-TP-S,J0183,"OFF WHITE",2
J0184-KR-L,J0184,Orange,4
J0184-KR-XL,J0184,Orange,8
J0185-DR-L,J0185,"OFF WHITE",2
J0186-SET-XXXL,J0186,Black,2
J0188-KR-L,J0188,"OFF WHITE",2
J0188-KR-M,J0188,"OFF WHITE",2
J0188-KR-S,J0188,"OFF WHITE",3
J0188-KR-XL,J0188,"OFF WHITE",2
J0188-KR-XXL,J0188,"OFF WHITE",3
J0190-TP-XL,J0190,Blue,1
J0190-TP-XXL,J0190,Blue,1
J0192-TP-L,J0192,"Navy Blue",1
J0192-TP-XS,J0192,"Navy Blue",1
J0192-TP-XXXL,J0192,"Navy Blue",2
J0193-SET-L,J0193,Mustard,2
J0193-SET-M,J0193,Mustard,2
J0193-SET-S,J0193,Mustard,1
J0193-SET-XL,J0193,Mustard,3
J0193-SET-XXL,J0193,Mustard,4
J0194-DR-S,J0194,Green,12
J0194-DR-XL,J0194,Green,5
J0194-DR-XS,J0194,Green,28
J0199-SET-L,J0199,Black,2
J0199-SET-M,J0199,Black,2
J0199-SET-S,J0199,Black,2
J0202-TP-L,J0202,Blue,3
J0202-TP-M,J0202,Blue,2
J0202-TP-XS,J0202,Blue,17
J0205-TP-XXXL,J0205,Peach,3
J0207-DR-M,J0207,Olive,20
J0208-DR-XS,J0208,Peach,35
J0214-TP-XS,J0214,BURGUNDY,13
J0215-BL-XS,J0215,Blue,1
J0223-SKD-L,J0223,Purple,23
J0223-SKD-M,J0223,Purple,30
J0223-SKD-S,J0223,Purple,28
J0223-SKD-XL,J0223,Purple,25
J0223-SKD-XS,J0223,Purple,16
J0223-SKD-XXL,J0223,Purple,30
J0224-SKD-L,J0224,Pink,54
J0224-SKD-S,J0224,Pink,62
J0226-SKD-M,J0226,Green,147
J0226-SKD-S,J0226,Green,61
J0229-SKD-M,J0229,Maroon,63
J0229-SKD-XS,J0229,Maroon,60
J0232-SKD-XS,J0232,Multicolor,33
J0235-SKD-XXL,J0235,Rust,49
J0235-SKD-XXXL,J0235,Rust,47
J0237-SKD-S,J0237,Orange,6
J0237-SKD-XS,J0237,Orange,22
J0238-LCD-XXL,J0238,White,17
J0241-SKD-L,J0241,"OFF WHITE",21
J0242-SKD-XXXL,J0242,"OFF WHITE",24
J0246-SKD-M,J0246,"OFF WHITE",31
J0246-SKD-S,J0246,"OFF WHITE",34
J0246-SKD-XL,J0246,"OFF WHITE",42
J0246-SKD-XXL,J0246,"OFF WHITE",36
J0247-SKD-XL,J0247,Teal,43
J0249-SKD-M,J0249,Blue,34
J0250-SKD-S,J0250,Olive,17
J0250-SKD-XS,J0250,Olive,52
J0259-KR-M,J0259,Green,2
J0259-KR-S,J0259,Green,1
J0259-KR-XL,J0259,Green,1
J0260-KR-L,J0260,Green,1
J0260-KR-M,J0260,Green,1
J0260-KR-S,J0260,Green,1
J0261-KR-L,J0261,Black,1
J0261-KR-M,J0261,Black,1
J0261-KR-XL,J0261,Black,2
J0261-KR-XXL,J0261,Black,1
J0262-KR-L,J0262,Grey,2
J0262-KR-S,J0262,Grey,2
J0262-KR-XL,J0262,Grey,1
J0262-KR-XXL,J0262,Grey,2
J0263-KR-S,J0263,Maroon,4
J0263-KR-XL,J0263,Maroon,2
J0263-KR-XXL,J0263,Maroon,1
J0264-KR-M,J0264,Pink,2
J0264-KR-S,J0264,Pink,2
J0264-KR-XL,J0264,Pink,1
J0265-KR-L,J0265,Blue,1
J0265-KR-M,J0265,Blue,2
J0265-KR-S,J0265,Blue,1
J0265-KR-XL,J0265,Blue,3
J0278-SET-L,J0278,Peach,1
J0278-SET-XS,J0278,Peach,26
J0279-SET-XS,J0279,"Light Green",29
J0284-SKD-XXL,J0284,"Sky Blue",1
J0286-KR-M,J0286,Beige,3
J0286-KR-S,J0286,Beige,2
J0286-KR-XL,J0286,Beige,2
J0286-KR-XXL,J0286,Beige,3
J0287-KR-L,J0287,Black,2
J0287-KR-S,J0287,Black,1
J0287-KR-XL,J0287,Black,1
J0287-KR-XXL,J0287,Black,2
J0288-KR-L,J0288,Grey,2
J0288-KR-M,J0288,Grey,3
J0288-KR-S,J0288,Grey,2
J0288-KR-XL,J0288,Grey,1
J0288-KR-XXL,J0288,Grey,2
J0289-KR-L,J0289,Black,1
J0289-KR-M,J0289,Black,2
J0289-KR-S,J0289,Black,5
J0289-KR-XL,J0289,Black,2
J0289-KR-XXL,J0289,Black,1
J0290-CD-M,J0290,Mustard,4
J0291-JS-XXL,J0291,White,11
J0292-TP-L,J0292,"OFF WHITE",2
J0293-DR-L,J0293,White,3
J0293-DR-XXXL,J0293,White,2
J0294-TP-L,J0294,"OFF WHITE",2
J0294-TP-M,J0294,"OFF WHITE",2
J0296-DR-L,J0296,"OFF WHITE",2
J0296-DR-XL,J0296,"OFF WHITE",1
J0296-DR-XXXL,J0296,"OFF WHITE",2
J0298-DR-L,J0298,Multicolor,2
J0298-DR-M,J0298,Multicolor,2
J0298-DR-XL,J0298,Multicolor,1
J0298-DR-XXL,J0298,Multicolor,2
J0298-DR-XXXL,J0298,Multicolor,2
J0300-TP-XS,J0300,Cream,1
J0302-DR-L,J0302,Grey,2
J0302-DR-M,J0302,Grey,2
J0302-DR-S,J0302,Grey,2
J0302-DR-XL,J0302,Grey,2
J0303-KR-M,J0303,Grey,2
J0304-TP-L,J0304,Yellow,1
J0304-TP-S,J0304,Yellow,1
J0305-DR-XL,J0305,Yellow,2
J0310-TP-XXXL,J0310,Multicolor,3
J0312-KR-L,J0312,Multicolor,4
J0312-KR-M,J0312,Multicolor,2
J0312-KR-S,J0312,Multicolor,3
J0312-KR-XL,J0312,Multicolor,2
J0312-KR-XXL,J0312,Multicolor,2
J0312-KR-XXXL,J0312,Multicolor,2
J0314-KR-L,J0314,Multicolor,5
J0314-KR-XXL,J0314,Multicolor,3
J0315-KR-L,J0315,Grey,2
J0315-KR-M,J0315,Grey,2
J0315-KR-S,J0315,Grey,1
J0315-KR-XL,J0315,Grey,3
J0315-KR-XXL,J0315,Grey,6
J0317-KR-L,J0317,Red,2
J0317-KR-M,J0317,Red,2
J0317-KR-S,J0317,Red,3
J0317-KR-XL,J0317,Red,6
J0317-KR-XXL,J0317,Red,3
J0317-KR-XXXL,J0317,Red,1
J0318-KR-L,J0318,Black,1
J0318-KR-S,J0318,Black,1
J0318-KR-XL,J0318,Black,1
J0318-KR-XXL,J0318,Black,2
J0318-KR-XXXL,J0318,Black,1
J0319-KR-M,J0319,Yellow,2
J0320-KR-L,J0320,Black,4
J0320-KR-M,J0320,Black,2
J0320-KR-S,J0320,Black,2
J0320-KR-XL,J0320,Black,1
J0320-KR-XXL,J0320,Black,2
J0321-KR-L,J0321,Grey,2
J0321-KR-M,J0321,Grey,2
J0321-KR-S,J0321,Grey,2
J0321-KR-XL,J0321,Grey,1
J0321-KR-XXL,J0321,Grey,2
J0321-KR-XXXL,J0321,Grey,1
J0322-KR-L,J0322,Black,2
J0322-KR-M,J0322,Black,2
J0322-KR-S,J0322,Black,2
J0322-KR-XXL,J0322,Black,4
J0323-CD-M,J0323,Cream,5
J0323-CD-XL,J0323,Cream,3
J0324-CD-L,J0324,Blue,4
J0324-CD-M,J0324,Blue,2
J0324-CD-S,J0324,Blue,3
J0324-CD-XL,J0324,Blue,2
J0324-CD-XXL,J0324,Blue,2
J0324-CD-XXXL,J0324,Blue,1
J0330-KR-S,J0330,Blue,6
J0345-SET-S,J0345,Cream,2
J0346-SET-M,J0346,Cream,2
J0347-SET-M,J0347,Black,1
J0347-SET-S,J0347,Black,2
J0350-SET-S,J0350,Cream,2
J0354-KR-XXXL,J0354,Pink,1
J0370-SKD-M,J0370,Maroon,45
J0371-SKD-L,J0371,Teal,3
J0374-KR-M,J0374,Green,2
J0374-KR-S,J0374,Green,11
J0388-TP-XXXL,J0388,Red,31
J0392-TP-M,J0392,Rust,25
J0392-TP-S,J0392,Rust,31
J0392-TP-XS,J0392,Rust,21
J0392-TP-XXL,J0392,Rust,34
J0392-TP-XXXL,J0392,Rust,28
J0417-TP-L,J0417,"Sea Green",23
J0417-TP-XXL,J0417,"Sea Green",12
J0417-TP-XXXL,J0417,"Sea Green",13
J0420-TP-L,J0420,Pink,21
J0420-TP-XL,J0420,Pink,34
J0420-TP-XS,J0420,Pink,22
J0420-TP-XXL,J0420,Pink,32
J0420-TP-XXXL,J0420,Pink,31
J0421-TP-L,J0421,Teal,50
J0421-TP-M,J0421,Teal,46
J0421-TP-S,J0421,Teal,46
J0421-TP-XL,J0421,Teal,53
J0421-TP-XS,J0421,Teal,45
J0421-TP-XXL,J0421,Teal,42
J0429-DR-L,J0429,Peach,49
J0429-DR-S,J0429,Peach,66
J0430-DR-L,J0430,"Sea Green",70
J0430-DR-M,J0430,"Sea Green",69
J0430-DR-S,J0430,"Sea Green",72
J0430-DR-XL,J0430,"Sea Green",71
J0430-DR-XS,J0430,"Sea Green",58
J0430-DR-XXL,J0430,"Sea Green",73
J0430-DR-XXXL,J0430,"Sea Green",57
J0432-DR-L,J0432,Peach,50
J0432-DR-M,J0432,Peach,24
J0432-DR-S,J0432,Peach,48
J0432-DR-XL,J0432,Peach,25
J0432-DR-XS,J0432,Peach,50
J0432-DR-XXL,J0432,Peach,25
J0432-DR-XXXL,J0432,Peach,50
J0433-DR-L,J0433,Yellow,20
J0433-DR-M,J0433,Yellow,20
J0433-DR-S,J0433,Yellow,20
J0433-DR-XL,J0433,Yellow,20
J0433-DR-XS,J0433,Yellow,24
J0433-DR-XXL,J0433,Yellow,20
J0433-DR-XXXL,J0433,Yellow,20
J0434-DR-M,J0434,White,56
J0434-DR-XS,J0434,White,48
J0435-DR-L,J0435,Pink,20
J0435-DR-M,J0435,Pink,19
J0435-DR-S,J0435,Pink,19
J0435-DR-XL,J0435,Pink,20
J0435-DR-XS,J0435,Pink,20
J0435-DR-XXL,J0435,Pink,19
J0435-DR-XXXL,J0435,Pink,20
J0436-DR-M,J0436,"Sky Blue",20
J0436-DR-S,J0436,"Sky Blue",29
J0436-DR-XL,J0436,"Sky Blue",20
J0436-DR-XS,J0436,"Sky Blue",20
J0436-DR-XXL,J0436,"Sky Blue",11
J0436-DR-XXXL,J0436,"Sky Blue",19
JAN8601-KR-L,JAN8601,White,1
JAN8601-KR-M,JAN8601,White,1
JAN8601-KR-S,JAN8601,White,1
JAN8601-KR-XL,JAN8601,White,2
JAN8602-KR-L,JAN8602,"Navy Blue",4
JAN8602-KR-M,JAN8602,"Navy Blue",4
JAN8602-KR-S,JAN8602,"Navy Blue",2
JAN8602-KR-XL,JAN8602,"Navy Blue",3
JAN8602-KR-XXL,JAN8602,"Navy Blue",1
JAN8603-DR-L,JAN8603,"Light Pink",1
JAN8603-DR-M,JAN8603,"Light Pink",1
JAN8603-DR-S,JAN8603,"Light Pink",1
JAN8603-DR-XL,JAN8603,"Light Pink",3
JAN8604-KR-L,JAN8604,"Sky Blue",6
JAN8604-KR-M,JAN8604,"Sky Blue",5
JAN8604-KR-S,JAN8604,"Sky Blue",2
JAN8604-KR-XL,JAN8604,"Sky Blue",8
JAN8604-KR-XXL,JAN8604,"Sky Blue",2
JAN8605-KR-NP-L,JAN8605,Green,3
JAN8605-KR-NP-M,JAN8605,Green,4
JAN8605-KR-NP-S,JAN8605,Green,3
JAN8605-KR-NP-XL,JAN8605,Green,4
JAN8605-KR-NP-XXL,JAN8605,Green,4
JAN8606-TP-L,JAN8606,Red,5
JAN8606-TP-M,JAN8606,Red,5
JAN8606-TP-S,JAN8606,Red,2
JAN8606-TP-XL,JAN8606,Red,6
JAN8606-TP-XXL,JAN8606,Red,5
JAN8607-TP-XL,JAN8607,"Sky Blue",2
JAN8608-KR-L,JAN8608,Beige,9
JAN8608-KR-M,JAN8608,Beige,9
JAN8608-KR-S,JAN8608,Beige,5
JAN8608-KR-XL,JAN8608,Beige,10
JAN8608-KR-XXL,JAN8608,Beige,4
JAN8609-KR-NP-L,JAN8609,Yellow,9
JAN8609-KR-NP-M,JAN8609,Yellow,9
JAN8609-KR-NP-S,JAN8609,Yellow,5
JAN8609-KR-NP-XL,JAN8609,Yellow,11
JAN8609-KR-NP-XXL,JAN8609,Yellow,4
JAN8610-KR-NP-L,JAN8610,Green,10
JAN8610-KR-NP-M,JAN8610,Green,9
JAN8610-KR-NP-S,JAN8610,Green,4
JAN8610-KR-NP-XL,JAN8610,Green,9
JAN8610-KR-NP-XXL,JAN8610,Green,8
JAN8611-KR-NP-L,JAN8611,"Turquoise Green",12
JAN8611-KR-NP-M,JAN8611,"Turquoise Green",11
JAN8611-KR-NP-S,JAN8611,"Turquoise Green",6
JAN8611-KR-NP-XL,JAN8611,"Turquoise Green",16
JAN8611-KR-NP-XXL,JAN8611,"Turquoise Green",2
JAN8612-KR-NP-L,JAN8612,Yellow,9
JAN8612-KR-NP-M,JAN8612,Yellow,2
JAN8612-KR-NP-S,JAN8612,Yellow,5
JAN8612-KR-NP-XL,JAN8612,Yellow,16
JAN8612-KR-NP-XXL,JAN8612,Yellow,3
JAN8613-TP-L,JAN8613,White,10
JAN8613-TP-M,JAN8613,White,9
JAN8613-TP-S,JAN8613,White,5
JAN8613-TP-XL,JAN8613,White,10
JAN8613-TP-XXL,JAN8613,White,6
JAN8614-TP-L,JAN8614,Green,2
JAN8614-TP-M,JAN8614,Green,3
JAN8614-TP-S,JAN8614,Green,1
JAN8614-TP-XL,JAN8614,Green,5
JAN8614-TP-XXL,JAN8614,Green,5
JAN8615-TP-L,JAN8615,Blue,3
JAN8615-TP-S,JAN8615,Blue,9
JAN8615-TP-XL,JAN8615,Blue,2
JAN8615-TP-XXL,JAN8615,Blue,3
JAN8616-TP-L,JAN8616,Yellow,11
JAN8616-TP-M,JAN8616,Yellow,9
JAN8616-TP-S,JAN8616,Yellow,4
JAN8616-TP-XL,JAN8616,Yellow,12
JAN8616-TP-XXL,JAN8616,Yellow,7
JAN8617-KR-L,JAN8617,Peach,8
JAN8617-KR-M,JAN8617,Peach,7
JAN8617-KR-S,JAN8617,Peach,3
JAN8617-KR-XL,JAN8617,Peach,5
JAN8617-KR-XXL,JAN8617,Peach,5
JAN8618-DR-L,JAN8618,Blue,10
JAN8618-DR-M,JAN8618,Blue,8
JAN8618-DR-XL,JAN8618,Blue,7
JAN8618-DR-XXL,JAN8618,Blue,1
JAN8619-KR-L,JAN8619,Red,2
JAN8619-KR-M,JAN8619,Red,3
JAN8619-KR-XL,JAN8619,Red,5
JAN8620-KR-L,JAN8620,"Sky Blue",2
JAN8620-KR-M,JAN8620,"Sky Blue",3
JAN8620-KR-S,JAN8620,"Sky Blue",6
JAN8620-KR-XL,JAN8620,"Sky Blue",3
JAN8620-KR-XXL,JAN8620,"Sky Blue",2
JAN8621-DR-L,JAN8621,Beige,10
JAN8621-DR-M,JAN8621,Beige,10
JAN8621-DR-S,JAN8621,Beige,4
JAN8621-DR-XL,JAN8621,Beige,12
JAN8621-DR-XXL,JAN8621,Beige,3
JAN8622-KR-NP-L,JAN8622,"Turquoise Green",1
JAN8622-KR-NP-M,JAN8622,"Turquoise Green",2
JAN8622-KR-NP-S,JAN8622,"Turquoise Green",1
JAN8623-DR-L,JAN8623,Teal,4
JAN8623-DR-M,JAN8623,Teal,6
JAN8623-DR-S,JAN8623,Teal,1
JAN8623-DR-XL,JAN8623,Teal,5
JAN8623-DR-XXL,JAN8623,Teal,1
JAN8624-DR-L,JAN8624,White,10
JAN8624-DR-M,JAN8624,White,6
JAN8624-DR-S,JAN8624,White,3
JAN8624-DR-XL,JAN8624,White,12
JAN8624-DR-XXL,JAN8624,White,6
JAN8625-KR-L,JAN8625,Black,4
JAN8625-KR-M,JAN8625,Black,2
JAN8625-KR-S,JAN8625,Black,4
JAN8625-KR-XL,JAN8625,Black,2
JAN8631-KR-NP-L,JAN8631,Rust,17
JAN8631-KR-NP-M,JAN8631,Rust,19
JAN8631-KR-NP-S,JAN8631,Rust,16
JAN8631-KR-NP-XL,JAN8631,Rust,22
JAN8631-KR-NP-XXL,JAN8631,Rust,19
JAN8632-KR-NP-L,JAN8632,"TEAL BLUE ",37
JAN8632-KR-NP-M,JAN8632,"TEAL BLUE ",36
JAN8632-KR-NP-S,JAN8632,"TEAL BLUE ",27
JAN8632-KR-NP-XL,JAN8632,"TEAL BLUE ",37
JAN8632-KR-NP-XXL,JAN8632,"TEAL BLUE ",28
JAN8633-KR-NP-L,JAN8633,Maroon,26
JAN8633-KR-NP-M,JAN8633,Maroon,24
JAN8633-KR-NP-S,JAN8633,Maroon,10
JAN8633-KR-NP-XL,JAN8633,Maroon,26
JAN8633-KR-NP-XXL,JAN8633,Maroon,17
JAN8634-KR-NP-L,JAN8634,Turquoise,30
JAN8634-KR-NP-M,JAN8634,Turquoise,30
JAN8634-KR-NP-S,JAN8634,Turquoise,26
JAN8634-KR-NP-XL,JAN8634,Turquoise,34
JAN8634-KR-NP-XXL,JAN8634,Turquoise,26
JAN8635-KR-NP-L,JAN8635,Pink,26
JAN8635-KR-NP-M,JAN8635,Pink,30
JAN8635-KR-NP-S,JAN8635,Pink,19
JAN8635-KR-NP-XL,JAN8635,Pink,31
JAN8635-KR-NP-XXL,JAN8635,Pink,20
JAN8636-KR-NP-L,JAN8636,Grey,16
JAN8636-KR-NP-M,JAN8636,Grey,15
JAN8636-KR-NP-S,JAN8636,Grey,4
JAN8636-KR-NP-XL,JAN8636,Grey,15
JAN8636-KR-NP-XXL,JAN8636,Grey,6
JAN8637-KR-NP-L,JAN8637,BURGUNDY,7
JAN8637-KR-NP-M,JAN8637,BURGUNDY,9
JAN8637-KR-NP-S,JAN8637,BURGUNDY,3
JAN8637-KR-NP-XL,JAN8637,BURGUNDY,11
JAN8637-KR-NP-XXL,JAN8637,BURGUNDY,3
JAN8638-KR-NP-L,JAN8638,Green,8
JAN8638-KR-NP-M,JAN8638,Green,6
JAN8638-KR-NP-XL,JAN8638,Green,9
JAN8639-KR-NP-L,JAN8639,Teal,9
JAN8639-KR-NP-M,JAN8639,Teal,11
JAN8639-KR-NP-S,JAN8639,Teal,5
JAN8639-KR-NP-XL,JAN8639,Teal,11
JAN8639-KR-NP-XXL,JAN8639,Teal,2
JAN8640-DR-XL,JAN8640,Brown,3
JAN8641-DR-M,JAN8641,"MINT GREEN",3
JAN8641-DR-XL,JAN8641,"MINT GREEN",4
JAN8641-DR-XXL,JAN8641,"MINT GREEN",3
JAN8642-TP-L,JAN8642,Yellow,2
JAN8642-TP-M,JAN8642,Yellow,3
JAN8642-TP-S,JAN8642,Yellow,2
JAN8642-TP-XL,JAN8642,Yellow,2
JAN8642-TP-XXL,JAN8642,Yellow,2
JAN8643-KR-L,JAN8643,Teal,12
JAN8643-KR-M,JAN8643,Teal,12
JAN8643-KR-S,JAN8643,Teal,6
JAN8643-KR-XL,JAN8643,Teal,10
JAN8643-KR-XXL,JAN8643,Teal,5
JAN8644-TP-L,JAN8644,Black,11
JAN8644-TP-M,JAN8644,Black,12
JAN8644-TP-S,JAN8644,Black,6
JAN8644-TP-XL,JAN8644,Black,12
JAN8644-TP-XXL,JAN8644,Black,8
JAN8645-DR-L,JAN8645,White,5
JAN8645-DR-M,JAN8645,White,4
JAN8645-DR-S,JAN8645,White,1
JAN8645-DR-XL,JAN8645,White,9
JAN8645-DR-XXL,JAN8645,White,3
JAN8646-KR-NP-L,JAN8646,"OFF WHITE",2
JAN8646-KR-NP-M,JAN8646,"OFF WHITE",2
JAN8646-KR-NP-XL,JAN8646,"OFF WHITE",1
JAN8646-KR-NP-XXL,JAN8646,"OFF WHITE",2
JAN8652-KR-NP-L,JAN8652,Green,10
JAN8652-KR-NP-M,JAN8652,Green,7
JAN8652-KR-NP-S,JAN8652,Green,5
JAN8652-KR-NP-XL,JAN8652,Green,12
JAN8652-KR-NP-XXL,JAN8652,Green,10
JAN8653-TP-L,JAN8653,White,3
JAN8653-TP-M,JAN8653,White,3
JAN8653-TP-S,JAN8653,White,3
JAN8653-TP-XXL,JAN8653,White,5
JAN8654-KR-L,JAN8654,Mustard,5
JAN8654-KR-M,JAN8654,Mustard,3
JAN8654-KR-S,JAN8654,Mustard,2
JAN8654-KR-XL,JAN8654,Mustard,8
JAN8654-KR-XXL,JAN8654,Mustard,3
JAN8655-DR-L,JAN8655,Cream,8
JAN8655-DR-M,JAN8655,Cream,3
JAN8655-DR-XL,JAN8655,Cream,7
JAN8655-DR-XXL,JAN8655,Cream,3
JAN8656-KR-NP-L,JAN8656,Green,6
JAN8656-KR-NP-M,JAN8656,Green,3
JAN8656-KR-NP-S,JAN8656,Green,9
JAN8656-KR-NP-XL,JAN8656,Green,6
JAN8656-KR-NP-XXL,JAN8656,Green,7
JAN8657-TP-L,JAN8657,Brown,6
JAN8657-TP-M,JAN8657,Brown,4
JAN8657-TP-S,JAN8657,Brown,3
JAN8657-TP-XL,JAN8657,Brown,3
JAN8657-TP-XXL,JAN8657,Brown,4
JAN8658-KR-L,JAN8658,Red,13
JAN8658-KR-M,JAN8658,Red,13
JAN8658-KR-S,JAN8658,Red,13
JAN8658-KR-XL,JAN8658,Red,15
JAN8658-KR-XXL,JAN8658,Red,15
JAN8659-KR-NP-L,JAN8659,Green,10
JAN8659-KR-NP-M,JAN8659,Green,8
JAN8659-KR-NP-S,JAN8659,Green,6
JAN8659-KR-NP-XL,JAN8659,Green,10
JAN8659-KR-NP-XXL,JAN8659,Green,6
JAN8660-KR-NP-L,JAN8660,White,3
JAN8660-KR-NP-M,JAN8660,White,5
JAN8660-KR-NP-S,JAN8660,White,1
JAN8660-KR-NP-XL,JAN8660,White,6
JAN8660-KR-NP-XXL,JAN8660,White,4
JAN8661-KR-NP-L,JAN8661,Red,1
JAN8661-KR-NP-M,JAN8661,Red,5
JAN8661-KR-NP-S,JAN8661,Red,1
JAN8661-KR-NP-XL,JAN8661,Red,4
JAN8661-KR-NP-XXL,JAN8661,Red,3
JAN8662-KR-NP-M,JAN8662,"AQUA GREEN",1
JAN8662-KR-NP-S,JAN8662,"AQUA GREEN",2
JAN8662-KR-NP-XXL,JAN8662,"AQUA GREEN",2
JAN8663-TP-L,JAN8663,White,9
JAN8663-TP-M,JAN8663,White,7
JAN8663-TP-S,JAN8663,White,8
JAN8663-TP-XL,JAN8663,White,6
JAN8663-TP-XXL,JAN8663,White,13
JAN8664-TP-L,JAN8664,"Sky Blue",3
JAN8664-TP-M,JAN8664,"Sky Blue",4
JAN8664-TP-S,JAN8664,"Sky Blue",4
JAN8664-TP-XL,JAN8664,"Sky Blue",5
JAN8664-TP-XXL,JAN8664,"Sky Blue",5
JAN8665-TP-L,JAN8665,"LIGHT YELLOW",1
JAN8665-TP-M,JAN8665,"LIGHT YELLOW",1
JAN8665-TP-XL,JAN8665,"LIGHT YELLOW",2
JAN8665-TP-XXL,JAN8665,"LIGHT YELLOW",2
JAN8666-TP-L,JAN8666,Green,4
JAN8666-TP-M,JAN8666,Green,3
JAN8666-TP-S,JAN8666,Green,7
JAN8666-TP-XL,JAN8666,Green,5
JAN8666-TP-XXL,JAN8666,Green,8
JAN8669-DR-L,JAN8669,"LIGHT YELLOW",2
JAN8669-DR-M,JAN8669,"LIGHT YELLOW",1
JAN8669-DR-S,JAN8669,"LIGHT YELLOW",1
JAN8669-DR-XL,JAN8669,"LIGHT YELLOW",2
JAN8669-DR-XXL,JAN8669,"LIGHT YELLOW",1
JAN8670-DR-L,JAN8670,Blue,4
JAN8670-DR-M,JAN8670,Blue,4
JAN8670-DR-S,JAN8670,Blue,4
JAN8670-DR-XL,JAN8670,Blue,6
JAN8670-DR-XXL,JAN8670,Blue,3
JAN8676-KR-L,JAN8676,Mustard,3
JAN8676-KR-M,JAN8676,Mustard,1
JAN8676-KR-S,JAN8676,Mustard,5
JAN8676-KR-XL,JAN8676,Mustard,4
JAN8676-KR-XXL,JAN8676,Mustard,3
JAN8677-KR-L,JAN8677,"Sea Green",17
JAN8677-KR-M,JAN8677,"Sea Green",17
JAN8677-KR-S,JAN8677,"Sea Green",21
JAN8677-KR-XL,JAN8677,"Sea Green",18
JAN8677-KR-XXL,JAN8677,"Sea Green",16
JAN8678-KR-L,JAN8678,Pink,4
JAN8678-KR-M,JAN8678,Pink,4
JAN8678-KR-S,JAN8678,Pink,5
JAN8678-KR-XL,JAN8678,Pink,4
JAN8678-KR-XXL,JAN8678,Pink,4
JAN8679-KR-L,JAN8679,Pink,4
JAN8679-KR-M,JAN8679,Pink,4
JAN8679-KR-XL,JAN8679,Pink,7
JAN8679-KR-XXL,JAN8679,Pink,9
JAN8680-KR-L,JAN8680,Blue,5
JAN8680-KR-XL,JAN8680,Blue,2
JAN8680-KR-XXL,JAN8680,Blue,1
JNE0722,JNE0722,Purple,56
JNE0850,JNE0850,Red,30
JNE09233-MULTI-SR-JP8108PV,JNE09233,Purple,26
JNE09300-PURPLE-SR-JB6102PV,JNE09300,Purple,59
JNE1000-NAVY-SR-JB6102RMV,JNE1000,Teal,71
JNE1408-GREY-KR-UDF19-XS,JNE1408,Grey,262
JNE1975-KR-309-L,JNE1975,Yellow,1
JNE1978-KR-238-L,JNE1978,Teal,2
JNE1978-KR-238-M,JNE1978,Teal,1
JNE1978-KR-238-S,JNE1978,Teal,1
JNE1978-KR-238-XS,JNE1978,Teal,2
JNE1978-KR-238-XXL,JNE1978,Teal,2
JNE1978-KR-238-XXXL,JNE1978,Teal,1
JNE2041-KR-297-L,JNE2041,Red,3
JNE2041-KR-297-M,JNE2041,Red,6
JNE2041-KR-297-S,JNE2041,Red,6
JNE2041-KR-297-XL,JNE2041,Red,2
JNE2041-KR-297-XS,JNE2041,Red,5
JNE2041-KR-297-XXL,JNE2041,Red,3
JNE2041-KR-297-XXXL,JNE2041,Red,12
JNE2049-KR-351-XXXL,JNE2049,Black,33
JNE2086-KR-389-XXL,JNE2086,Multicolor,27
JNE2101-KR-210-M,JNE2101,Red,2
JNE2101-KR-210-XS,JNE2101,Red,1
JNE2101-KR-210-XXXL,JNE2101,Red,2
JNE2113-KR-381-XL,JNE2113,Multicolor,5
JNE2114-KR-340-XL,JNE2114,Red,9
JNE2131-KR-A-S,JNE2131,Multicolor,10
JNE2131-KR-A-XS,JNE2131,Multicolor,8
JNE2132-KR-398-L,JNE2132,Pink,4
JNE2145-KR-406-M,JNE2145,Blue,3
JNE2145-KR-406-S,JNE2145,Blue,2
JNE2145-KR-406-XL,JNE2145,Blue,1
JNE2145-KR-406-XS,JNE2145,Blue,1
JNE2145-KR-406-XXL,JNE2145,Blue,2
JNE2145-KR-406-XXXL,JNE2145,Blue,3
JNE2153-KR-278-L,JNE2153,"Sea Green",1
JNE2153-KR-278-M,JNE2153,"Sea Green",5
JNE2153-KR-278-S,JNE2153,"Sea Green",37
JNE2153-KR-278-XL,JNE2153,"Sea Green",4
JNE2153-KR-278-XS,JNE2153,"Sea Green",150
JNE2153-KR-278-XXL,JNE2153,"Sea Green",3
JNE2153-KR-278-XXXL,JNE2153,"Sea Green",2
JNE2199-KR-411-L,JNE2199,Pink,21
JNE2199-KR-411-M,JNE2199,Pink,59
JNE2199-KR-411-S,JNE2199,Pink,35
JNE2199-KR-411-XL,JNE2199,Pink,157
JNE2199-KR-411-XS,JNE2199,Pink,6
JNE2199-KR-411-XXL,JNE2199,Pink,55
JNE2199-KR-411-XXXL,JNE2199,Pink,122
JNE2205-KR-467-L,JNE2205,"Light Green",1
JNE2205-KR-467-S,JNE2205,"Light Green",2
JNE2205-KR-467-XL,JNE2205,"Light Green",3
JNE2205-KR-467-XS,JNE2205,"Light Green",8
JNE2205-KR-467-XXL,JNE2205,"Light Green",7
JNE2205-KR-467-XXXL,JNE2205,"Light Green",2
JNE2262-KR-569-M,JNE2262,Black,1
JNE2265-KR-501-XXXL,JNE2265,Purple,1
JNE2266-KR-490-L,JNE2266,Black,2
JNE2266-KR-490-M,JNE2266,Black,19
JNE2266-KR-490-S,JNE2266,Black,5
JNE2266-KR-490-XL,JNE2266,Black,20
JNE2266-KR-490-XS,JNE2266,Black,60
JNE2266-KR-490-XXL,JNE2266,Black,6
JNE2270-KR-487-L,JNE2270,Beige,414
JNE2270-KR-487-M,JNE2270,Beige,478
JNE2270-KR-487-S,JNE2270,Beige,193
JNE2270-KR-487-XL,JNE2270,Beige,333
JNE2270-KR-487-XS,JNE2270,Beige,173
JNE2270-KR-487-XXL,JNE2270,Beige,949
JNE2288-KR-L,JNE2288,Yellow,35
JNE2288-KR-M,JNE2288,Yellow,25
JNE2288-KR-S,JNE2288,Yellow,28
JNE2288-KR-XL,JNE2288,Yellow,22
JNE2288-KR-XXL,JNE2288,Yellow,25
JNE2294-KR-A-M,JNE2294,Yellow,8
JNE2294-KR-A-XS,JNE2294,Yellow,9
JNE2307-KR-572-S,JNE2307,Grey,2
JNE3068-KR-L,JNE3068,Black,45
JNE3068-KR-M,JNE3068,Black,35
JNE3068-KR-S,JNE3068,Black,39
JNE3068-KR-XL,JNE3068,Black,9
JNE3068-KR-XXL,JNE3068,Black,4
JNE3250-KR-L,JNE3250,Pink,1
JNE3250-KR-M,JNE3250,Pink,2
JNE3250-KR-S,JNE3250,Pink,2
JNE3250-KR-XL,JNE3250,Pink,3
JNE3250-KR-XXL,JNE3250,Pink,1
JNE3251-KR-S,JNE3251,Blue,90
JNE3251-KR-XXL,JNE3251,Blue,56
JNE3253-KR-L,JNE3253,Black,21
JNE3253-KR-S,JNE3253,Black,22
JNE3253-KR-XXL,JNE3253,Black,19
JNE3262-KR-L,JNE3262,Peach,1
JNE3279-KR-L,JNE3279,Peach,2
JNE3279-KR-M,JNE3279,Peach,2
JNE3279-KR-S,JNE3279,Peach,3
JNE3279-KR-XL,JNE3279,Peach,1
JNE3279-KR-XS,JNE3279,Peach,3
JNE3279-KR-XXL,JNE3279,Peach,3
JNE3279-KR-XXXL,JNE3279,Peach,4
JNE3284-KR-L,JNE3284,Peach,4
JNE3284-KR-XL,JNE3284,Peach,4
JNE3284-KR-XXL,JNE3284,Peach,5
JNE3313-KR-L,JNE3313,Black,29
JNE3323-KR-XL,JNE3323,Teal,2
JNE3323-KR-XS,JNE3323,Teal,3
JNE3323-KR-XXL,JNE3323,Teal,7
JNE3332-KR-S,JNE3332,Peach,1
JNE3336-KR-L,JNE3336,"Sky Blue",2
JNE3336-KR-XXL,JNE3336,"Sky Blue",2
JNE3336-KR-XXXL,JNE3336,"Sky Blue",2
JNE3337-KR-L,JNE3337,Peach,2
JNE3337-KR-M,JNE3337,Peach,3
JNE3337-KR-S,JNE3337,Peach,3
JNE3337-KR-XL,JNE3337,Peach,2
JNE3337-KR-XXL,JNE3337,Peach,2
JNE3338-KR-L,JNE3338,Grey,2
JNE3338-KR-M,JNE3338,Grey,13
JNE3338-KR-XL,JNE3338,Grey,5
JNE3338-KR-XXL,JNE3338,Grey,9
JNE3349-KR-L,JNE3349,"Navy Blue",18
JNE3349-KR-M,JNE3349,"Navy Blue",17
JNE3349-KR-S,JNE3349,"Navy Blue",19
JNE3354-KR-L,JNE3354,Mustard,56
JNE3354-KR-M,JNE3354,Mustard,60
JNE3354-KR-S,JNE3354,Mustard,63
JNE3354-KR-XL,JNE3354,Mustard,52
JNE3354-KR-XXL,JNE3354,Mustard,51
JNE3355-KR-L,JNE3355,Cream,44
JNE3355-KR-M,JNE3355,Cream,54
JNE3355-KR-S,JNE3355,Cream,56
JNE3355-KR-XXL,JNE3355,Cream,48
JNE3356-KR-L,JNE3356,Yellow,49
JNE3356-KR-M,JNE3356,Yellow,50
JNE3356-KR-S,JNE3356,Yellow,82
JNE3356-KR-XL,JNE3356,Yellow,49
JNE3356-KR-XXL,JNE3356,Yellow,48
JNE3357-KR-L,JNE3357,Yellow,22
JNE3357-KR-M,JNE3357,Yellow,26
JNE3357-KR-S,JNE3357,Yellow,26
JNE3357-KR-XL,JNE3357,Yellow,28
JNE3357-KR-XXL,JNE3357,Yellow,29
JNE3359-KR-XS,JNE3359,Grey,2
JNE3359-KR-XXXL,JNE3359,Grey,1
JNE3360-KR-XL,JNE3360,Mustard,1
JNE3364-KR-1051-XS,JNE3364,"Light Green",169
JNE3365-KR-1052-XS,JNE3365,Mustard,14
JNE3365-KR-1052-XXL,JNE3365,Mustard,4
JNE3365-KR-1052-XXXL,JNE3365,Mustard,12
JNE3370-KR-M,JNE3370,Red,4
JNE3370-KR-XL,JNE3370,Red,4
JNE3371-KR-L,JNE3371,"Light Green",2
JNE3375-KR-M,JNE3375,Black,2
JNE3375-KR-XS,JNE3375,Black,2
JNE3383-KR-L,JNE3383,"Dark Green",42
JNE3383-KR-M,JNE3383,"Dark Green",65
JNE3383-KR-S,JNE3383,"Dark Green",64
JNE3383-KR-XL,JNE3383,"Dark Green",70
JNE3383-KR-XS,JNE3383,"Dark Green",11
JNE3383-KR-XXL,JNE3383,"Dark Green",98
JNE3383-KR-XXXL,JNE3383,"Dark Green",46
JNE3385-KR-L,JNE3385,Mustard,25
JNE3385-KR-M,JNE3385,Mustard,15
JNE3385-KR-S,JNE3385,Mustard,37
JNE3385-KR-XL,JNE3385,Mustard,17
JNE3385-KR-XXL,JNE3385,Mustard,24
JNE3386-KR-S,JNE3386,"Dark Blue",2
JNE3386-KR-XXXL,JNE3386,"Dark Blue",1
JNE3387-KR-L,JNE3387,"Dark Green",39
JNE3387-KR-S,JNE3387,"Dark Green",45
JNE3387-KR-XL,JNE3387,"Dark Green",39
JNE3387-KR-XXL,JNE3387,"Dark Green",29
JNE3389-KR-L,JNE3389,Blue,2
JNE3389-KR-M,JNE3389,Blue,2
JNE3389-KR-XXL,JNE3389,Blue,4
JNE3389-KR-XXXL,JNE3389,Blue,2
JNE3390-KR-L,JNE3390,White,1
JNE3390-KR-M,JNE3390,White,2
JNE3390-KR-XS,JNE3390,White,2
JNE3390-KR-XXL,JNE3390,White,2
JNE3394-KR-XL,JNE3394,Cream,1
JNE3394-KR-XS,JNE3394,Cream,1
JNE3394-KR-XXXL,JNE3394,Cream,2
JNE3395-KR-XS,JNE3395,"Light Green",20
JNE3398-KR-L,JNE3398,Yellow,2
JNE3403-KR-XXL,JNE3403,Maroon,4
JNE3403-KR-XXXL,JNE3403,Maroon,2
JNE3407-KR-XXXL,JNE3407,"Olive Green",2
JNE3413-KR-XS,JNE3413,"Navy Blue",3
JNE3413-KR-XXL,JNE3413,"Navy Blue",41
JNE3415-KR-L,JNE3415,Red,6
JNE3415-KR-XXL,JNE3415,Red,4
JNE3417-KR-L,JNE3417,Red,20
JNE3417-KR-S,JNE3417,Red,45
JNE3417-KR-XL,JNE3417,Red,27
JNE3417-KR-XXL,JNE3417,Red,21
JNE3420-KR-XL,JNE3420,Pink,4
JNE3421-KR-S,JNE3421,Grey,17
JNE3421-KR-XXXL,JNE3421,Grey,122
JNE3422-KR-XS,JNE3422,Pink,3
JNE3422-KR-XXXL,JNE3422,Pink,2
JNE3423-KR-XS,JNE3423,Black,10
JNE3424-KR-L,JNE3424,Blue,14
JNE3424-KR-S,JNE3424,Blue,11
JNE3424-KR-XL,JNE3424,Blue,15
JNE3424-KR-XXXL,JNE3424,Blue,1
JNE3425-KR-XS,JNE3425,Pink,16
JNE3426-KR-M,JNE3426,Turquoise,2
JNE3426-KR-XL,JNE3426,Turquoise,2
JNE3427-KR-XS,JNE3427,Grey,1
JNE3428-KR-L,JNE3428,"Dark Blue",1
JNE3428-KR-XXL,JNE3428,"Dark Blue",2
JNE3429-KR-XXXL,JNE3429,"Light Green",3
JNE3430-KR-L,JNE3430,Yellow,13
JNE3430-KR-M,JNE3430,Yellow,9
JNE3430-KR-S,JNE3430,Yellow,15
JNE3430-KR-XL,JNE3430,Yellow,8
JNE3434-KR-XL,JNE3434,Mustard,5
JNE3436-KR-L,JNE3436,White,5
JNE3436-KR-M,JNE3436,White,1
JNE3436-KR-XXL,JNE3436,White,1
JNE3436-KR-XXXL,JNE3436,White,5
JNE3438-KR-M,JNE3438,"Light Green",7
JNE3439-KR-4XL,JNE3439,Blue,1
JNE3440-KR-L,JNE3440,White,156
JNE3440-KR-M,JNE3440,White,170
JNE3440-KR-S,JNE3440,White,345
JNE3440-KR-XS,JNE3440,White,16
JNE3440-KR-XXL,JNE3440,White,123
JNE3440-KR-XXXL,JNE3440,White,37
JNE3441-KR-M,JNE3441,Pink,77
JNE3441-KR-XL,JNE3441,Pink,18
JNE3441-KR-XS,JNE3441,Pink,13
JNE3441-KR-XXL,JNE3441,Pink,17
JNE3441-KR-XXXL,JNE3441,Pink,13
JNE3446-KR-L,JNE3446,Grey,2
JNE3447-KR-XXL,JNE3447,Beige,2
JNE3450-KR-L,JNE3450,Pink,6
JNE3450-KR-M,JNE3450,Pink,7
JNE3450-KR-S,JNE3450,Pink,42
JNE3450-KR-XS,JNE3450,Pink,17
JNE3450-KR-XXL,JNE3450,Pink,42
JNE3450-KR-XXXL,JNE3450,Pink,1
JNE3453-KR-XS,JNE3453,Yellow,3
JNE3453-KR-XXL,JNE3453,Yellow,21
JNE3455-KR-L,JNE3455,Black,7
JNE3455-KR-S,JNE3455,Black,16
JNE3455-KR-XS,JNE3455,Black,1
JNE3455-KR-XXL,JNE3455,Black,13
JNE3456-KR-L,JNE3456,Brown,3
JNE3456-KR-XXL,JNE3456,Brown,3
JNE3456-KR-XXXL,JNE3456,Brown,1
JNE3457-KR-XS,JNE3457,"Turquoise Blue",30
JNE3460-KR-XS,JNE3460,Maroon,21
JNE3462-KR-L,JNE3462,Mustard,16
JNE3462-KR-M,JNE3462,Mustard,23
JNE3462-KR-S,JNE3462,Mustard,32
JNE3462-KR-XL,JNE3462,Mustard,25
JNE3462-KR-XS,JNE3462,Mustard,4
JNE3462-KR-XXL,JNE3462,Mustard,19
JNE3462-KR-XXXL,JNE3462,Mustard,1
JNE3464-KR-M,JNE3464,Teal,2
JNE3464-KR-S,JNE3464,Teal,18
JNE3464-KR-XL,JNE3464,Teal,6
JNE3464-KR-XS,JNE3464,Teal,21
JNE3467-KR-L,JNE3467,Black,2
JNE3469-KR-M,JNE3469,Grey,1
JNE3469-KR-S,JNE3469,Grey,2
JNE3469-KR-XL,JNE3469,Grey,2
JNE3469-KR-XXL,JNE3469,Grey,1
JNE3469-KR-XXXL,JNE3469,Grey,1
JNE3472-KR-M,JNE3472,Maroon,2
JNE3472-KR-XL,JNE3472,Maroon,1
JNE3473-KR-S,JNE3473,"Light Green",75
JNE3474-KR-L,JNE3474,"Turquoise Blue",23
JNE3474-KR-M,JNE3474,"Turquoise Blue",54
JNE3474-KR-S,JNE3474,"Turquoise Blue",26
JNE3474-KR-XL,JNE3474,"Turquoise Blue",44
JNE3474-KR-XS,JNE3474,"Turquoise Blue",11
JNE3474-KR-XXL,JNE3474,"Turquoise Blue",34
JNE3474-KR-XXXL,JNE3474,"Turquoise Blue",26
JNE3475-KR-L,JNE3475,"Powder Blue",7
JNE3475-KR-M,JNE3475,"Powder Blue",8
JNE3475-KR-S,JNE3475,"Powder Blue",18
JNE3475-KR-XL,JNE3475,"Powder Blue",4
JNE3475-KR-XS,JNE3475,"Powder Blue",4
JNE3475-KR-XXL,JNE3475,"Powder Blue",8
JNE3475-KR-XXXL,JNE3475,"Powder Blue",2
JNE3477-KR-L,JNE3477,Peach,8
JNE3477-KR-XS,JNE3477,Peach,1
JNE3477-KR-XXL,JNE3477,Peach,3
JNE3479-KR-XXXL,JNE3479,Black,3
JNE3480-KR-XXXL,JNE3480,Pink,2
JNE3481-KR-L,JNE3481,White,1
JNE3481-KR-M,JNE3481,White,1
JNE3481-KR-XL,JNE3481,White,2
JNE3481-KR-XXL,JNE3481,White,1
JNE3481-KR-XXXL,JNE3481,White,1
JNE3482-KR-XXXL,JNE3482,"Powder Blue",1
JNE3483-KR-M,JNE3483,Grey,44
JNE3483-KR-S,JNE3483,Grey,48
JNE3483-KR-XS,JNE3483,Grey,33
JNE3484-KR-XXXL,JNE3484,Olive,1
JNE3485-KR-S,JNE3485,Grey,81
JNE3486-KR-M,JNE3486,"Light Green",83
JNE3488-KR-L,JNE3488,White,2
JNE3488-KR-M,JNE3488,White,2
JNE3488-KR-XXXL,JNE3488,White,3
JNE3489-KR-XS,JNE3489,Maroon,38
JNE3489-KR-XXXL,JNE3489,Maroon,10
JNE3497-KR-L,JNE3497,Grey,1
JNE3497-KR-M,JNE3497,Grey,1
JNE3497-KR-S,JNE3497,Grey,2
JNE3497-KR-XL,JNE3497,Grey,1
JNE3497-KR-XS,JNE3497,Grey,3
JNE3497-KR-XXXL,JNE3497,Grey,1
JNE3503-KR-L,JNE3503,"Light Green",1
JNE3503-KR-M,JNE3503,"Light Green",1
JNE3503-KR-XS,JNE3503,"Light Green",2
JNE3507-KR-L,JNE3507,Grey,1
JNE3507-KR-M,JNE3507,Grey,1
JNE3507-KR-XS,JNE3507,Grey,1
JNE3516-KR-L,JNE3516,Mustard,6
JNE3516-KR-M,JNE3516,Mustard,9
JNE3516-KR-S,JNE3516,Mustard,25
JNE3516-KR-XL,JNE3516,Mustard,13
JNE3516-KR-XS,JNE3516,Mustard,3
JNE3516-KR-XXL,JNE3516,Mustard,10
JNE3516-KR-XXXL,JNE3516,Mustard,1
JNE3517-KR-L,JNE3517,Peach,6
JNE3517-KR-S,JNE3517,Peach,3
JNE3517-KR-XL,JNE3517,Peach,4
JNE3517-KR-XS,JNE3517,Peach,2
JNE3520-KR-L,JNE3520,Mustard,64
JNE3520-KR-S,JNE3520,Mustard,61
JNE3520-KR-XL,JNE3520,Mustard,56
JNE3520-KR-XXXL,JNE3520,Mustard,9
JNE3521-KR-L,JNE3521,Turquoise,22
JNE3521-KR-M,JNE3521,Turquoise,9
JNE3521-KR-XL,JNE3521,Turquoise,3
JNE3521-KR-XS,JNE3521,Turquoise,2
JNE3521-KR-XXL,JNE3521,Turquoise,24
JNE3524-KR-XL,JNE3524,Blue,33
JNE3524-KR-XS,JNE3524,Blue,5
JNE3526-KR-L,JNE3526,Grey,2
JNE3526-KR-M,JNE3526,Grey,2
JNE3526-KR-S,JNE3526,Grey,5
JNE3526-KR-XXXL,JNE3526,Grey,2
JNE3528-KR-S,JNE3528,"Sea Green",2
JNE3530-KR-L,JNE3530,Grey,2
JNE3530-KR-M,JNE3530,Grey,3
JNE3530-KR-XL,JNE3530,Grey,1
JNE3532-KR-M,JNE3532,Multicolor,1
JNE3533-KR-S,JNE3533,Teal,1
JNE3533-KR-XL,JNE3533,Teal,1
JNE3534-KR-XXL,JNE3534,Turquoise,3
JNE3535-KR-S,JNE3535,Turquoise,1
JNE3535-KR-XXL,JNE3535,Turquoise,6
JNE3537-KR-XL,JNE3537,Multicolor,1
JNE3538-KR-M,JNE3538,"Navy Blue",1
JNE3538-KR-S,JNE3538,"Navy Blue",2
JNE3538-KR-XL,JNE3538,"Navy Blue",1
JNE3538-KR-XXL,JNE3538,"Navy Blue",1
JNE3541-KR-L,JNE3541,Maroon,1
JNE3541-KR-XL,JNE3541,Maroon,1
JNE3542-KR-XXL,JNE3542,Cream,1
JNE3542-KR-XXXL,JNE3542,Cream,1
JNE3544-KR-L,JNE3544,Green,3
JNE3544-KR-XL,JNE3544,Green,2
JNE3544-KR-XXL,JNE3544,Green,3
JNE3544-KR-XXXL,JNE3544,Green,1
JNE3545-KR-XS,JNE3545,Green,2
JNE3545-KR-XXL,JNE3545,Green,1
JNE3545-KR-XXXL,JNE3545,Green,2
JNE3547-KR-S,JNE3547,"Turquoise Blue",5
JNE3547-KR-XS,JNE3547,"Turquoise Blue",5
JNE3549-KR-XS,JNE3549,Maroon,27
JNE3550-KR-M,JNE3550,"Dark Green",1
JNE3550-KR-XXL,JNE3550,"Dark Green",2
JNE3550-KR-XXXL,JNE3550,"Dark Green",2
JNE3553-KR-S,JNE3553,"Navy Blue",51
JNE3553-KR-XS,JNE3553,"Navy Blue",46
JNE3554-KR-XXXL,JNE3554,Yellow,1
JNE3555-KR-XS,JNE3555,Maroon,16
JNE3555-KR-XXL,JNE3555,Maroon,21
JNE3556-KR-XS,JNE3556,Grey,21
JNE3556-KR-XXXL,JNE3556,Grey,23
JNE3557-KR-L,JNE3557,Black,44
JNE3557-KR-XL,JNE3557,Black,36
JNE3558-KR-M,JNE3558,Pink,1
JNE3558-KR-XL,JNE3558,Pink,2
JNE3558-KR-XS,JNE3558,Pink,2
JNE3558-KR-XXL,JNE3558,Pink,2
JNE3558-KR-XXXL,JNE3558,Pink,1
JNE3559-KR-S,JNE3559,Grey,13
JNE3561-KR-L,JNE3561,Beige,1
JNE3561-KR-M,JNE3561,Beige,4
JNE3561-KR-S,JNE3561,Beige,8
JNE3561-KR-XL,JNE3561,Beige,4
JNE3561-KR-XS,JNE3561,Beige,53
JNE3561-KR-XXL,JNE3561,Beige,6
JNE3565-KR-XXXL,JNE3565,Brown,2
JNE3570-KR-L,JNE3570,"Light Green",1
JNE3570-KR-S,JNE3570,"Light Green",3
JNE3570-KR-XL,JNE3570,"Light Green",1
JNE3570-KR-XXL,JNE3570,"Light Green",2
JNE3573-KR-L,JNE3573,Grey,1
JNE3573-KR-XL,JNE3573,Grey,2
JNE3574-KR-M,JNE3574,"Light Green",1
JNE3576-KR-S,JNE3576,Black,21
JNE3578-KR-XXXL,JNE3578,Yellow,2
JNE3580-DR-L,JNE3580,Pink,2
JNE3580-DR-M,JNE3580,Pink,1
JNE3580-DR-XS,JNE3580,Pink,3
JNE3580-DR-XXL,JNE3580,Pink,2
JNE3580-DR-XXXL,JNE3580,Pink,2
JNE3601-KR-XXXL,JNE3601,"Light Green",1
JNE3603-KR-XS,JNE3603,Wine,56
JNE3603-KR-XXXL,JNE3603,Wine,1
JNE3604-KR-L,JNE3604,Magenta,75
JNE3604-KR-M,JNE3604,Magenta,67
JNE3604-KR-S,JNE3604,Magenta,90
JNE3604-KR-XL,JNE3604,Magenta,62
JNE3604-KR-XS,JNE3604,Magenta,15
JNE3604-KR-XXL,JNE3604,Magenta,74
JNE3604-KR-XXXL,JNE3604,Magenta,2
JNE3616-KR-S,JNE3616,Maroon,16
JNE3619-KR-XXXL,JNE3619,Black,1
JNE3621-KR-XS,JNE3621,"OFF WHITE",18
JNE3621-KR-XXXL,JNE3621,"OFF WHITE",17
JNE3624-KR-XXL,JNE3624,Taupe,1
JNE3625-DR-S,JNE3625,Peach,32
JNE3625-DR-XS,JNE3625,Peach,38
JNE3626-KR-L,JNE3626,Black,1
JNE3626-KR-M,JNE3626,Black,2
JNE3626-KR-S,JNE3626,Black,4
JNE3626-KR-XL,JNE3626,Black,1
JNE3626-KR-XXL,JNE3626,Black,2
JNE3627-KR-XXL,JNE3627,"Turquoise Blue",3
JNE3628-KR-M,JNE3628,Brown,2
JNE3628-KR-S,JNE3628,Brown,37
JNE3629-KR-L,JNE3629,Green,3
JNE3631-DR-L,JNE3631,Blue,1
JNE3631-DR-S,JNE3631,Blue,5
JNE3631-DR-XXL,JNE3631,Blue,2
JNE3631-DR-XXXL,JNE3631,Blue,2
JNE3639-TP-L,JNE3639,Maroon,30
JNE3639-TP-M,JNE3639,Maroon,8
JNE3639-TP-S,JNE3639,Maroon,10
JNE3639-TP-XL,JNE3639,Maroon,5
JNE3639-TP-XS,JNE3639,Maroon,21
JNE3639-TP-XXL,JNE3639,Maroon,15
JNE3640-TP-L,JNE3640,Green,61
JNE3640-TP-M,JNE3640,Green,56
JNE3640-TP-S,JNE3640,Green,6
JNE3640-TP-XL,JNE3640,Green,6
JNE3640-TP-XS,JNE3640,Green,18
JNE3640-TP-XXL,JNE3640,Green,3
JNE3641-TP-S,JNE3641,Black,4
JNE3641-TP-XS,JNE3641,Black,3
JNE3641-TP-XXL,JNE3641,Black,2
JNE3643-TP-M,JNE3643,Cream,1
JNE3643-TP-S,JNE3643,Cream,2
JNE3643-TP-XL,JNE3643,Cream,2
JNE3643-TP-XS,JNE3643,Cream,4
JNE3643-TP-XXL,JNE3643,Cream,2
JNE3644-TP-L,JNE3644,Blue,1
JNE3644-TP-S,JNE3644,Blue,1
JNE3644-TP-XL,JNE3644,Blue,3
JNE3644-TP-XS,JNE3644,Blue,1
JNE3644-TP-XXL,JNE3644,Blue,3
JNE3645-TP-L,JNE3645,Red,205
JNE3645-TP-M,JNE3645,Red,214
JNE3645-TP-S,JNE3645,Red,315
JNE3645-TP-XL,JNE3645,Red,81
JNE3645-TP-XS,JNE3645,Red,288
JNE3645-TP-XXL,JNE3645,Red,99
JNE3647-TP-L,JNE3647,Pink,1
JNE3647-TP-M,JNE3647,Pink,2
JNE3647-TP-S,JNE3647,Pink,2
JNE3647-TP-XL,JNE3647,Pink,1
JNE3647-TP-XS,JNE3647,Pink,6
JNE3647-TP-XXL,JNE3647,Pink,1
JNE3648-TP-L,JNE3648,Cream,6
JNE3648-TP-M,JNE3648,Cream,3
JNE3648-TP-S,JNE3648,Cream,7
JNE3648-TP-XL,JNE3648,Cream,5
JNE3648-TP-XS,JNE3648,Cream,4
JNE3648-TP-XXL,JNE3648,Cream,7
JNE3649-TP-L,JNE3649,Black,1
JNE3649-TP-S,JNE3649,Black,2
JNE3649-TP-XL,JNE3649,Black,3
JNE3649-TP-XS,JNE3649,Black,4
JNE3649-TP-XXL,JNE3649,Black,2
JNE3651-TP-L,JNE3651,Maroon,19
JNE3651-TP-M,JNE3651,Maroon,7
JNE3651-TP-S,JNE3651,Maroon,11
JNE3651-TP-XL,JNE3651,Maroon,3
JNE3651-TP-XS,JNE3651,Maroon,19
JNE3651-TP-XXL,JNE3651,Maroon,6
JNE3652-TP-L,JNE3652,"OFF WHITE",9
JNE3652-TP-M,JNE3652,"OFF WHITE",3
JNE3652-TP-S,JNE3652,"OFF WHITE",2
JNE3652-TP-XL,JNE3652,"OFF WHITE",5
JNE3652-TP-XS,JNE3652,"OFF WHITE",2
JNE3652-TP-XXL,JNE3652,"OFF WHITE",4
JNE3652-TP-XXXL,JNE3652,"OFF WHITE",1
JNE3653-TP-L,JNE3653,Cream,2
JNE3653-TP-M,JNE3653,Cream,1
JNE3653-TP-XL,JNE3653,Cream,4
JNE3653-TP-XS,JNE3653,Cream,3
JNE3653-TP-XXL,JNE3653,Cream,3
JNE3656-TP-L,JNE3656,Black,70
JNE3656-TP-M,JNE3656,Black,52
JNE3656-TP-S,JNE3656,Black,49
JNE3656-TP-XL,JNE3656,Black,67
JNE3656-TP-XS,JNE3656,Black,26
JNE3656-TP-XXL,JNE3656,Black,54
JNE3657-TP-L,JNE3657,Black,2
JNE3657-TP-M,JNE3657,Black,2
JNE3657-TP-XL,JNE3657,Black,2
JNE3659-TP-L,JNE3659,Teal,29
JNE3659-TP-M,JNE3659,Teal,123
JNE3659-TP-S,JNE3659,Teal,77
JNE3659-TP-XL,JNE3659,Teal,76
JNE3659-TP-XS,JNE3659,Teal,12
JNE3659-TP-XXL,JNE3659,Teal,47
JNE3660-TP-L,JNE3660,"Sky Blue",16
JNE3660-TP-M,JNE3660,"Sky Blue",11
JNE3660-TP-S,JNE3660,"Sky Blue",17
JNE3660-TP-XL,JNE3660,"Sky Blue",19
JNE3660-TP-XS,JNE3660,"Sky Blue",10
JNE3660-TP-XXL,JNE3660,"Sky Blue",11
JNE3661-TP-L,JNE3661,Pink,2
JNE3662-TP-L,JNE3662,Peach,1
JNE3662-TP-M,JNE3662,Peach,2
JNE3662-TP-XL,JNE3662,Peach,2
JNE3663-TP-M,JNE3663,Grey,3
JNE3663-TP-XL,JNE3663,Grey,1
JNE3663-TP-XXL,JNE3663,Grey,2
JNE3664-TP-L,JNE3664,Green,2
JNE3664-TP-M,JNE3664,Green,2
JNE3664-TP-S,JNE3664,Green,8
JNE3664-TP-XL,JNE3664,Green,2
JNE3664-TP-XS,JNE3664,Green,11
JNE3668-TP-L,JNE3668,Maroon,2
JNE3668-TP-M,JNE3668,Maroon,7
JNE3668-TP-S,JNE3668,Maroon,6
JNE3668-TP-XL,JNE3668,Maroon,2
JNE3668-TP-XS,JNE3668,Maroon,13
JNE3668-TP-XXL,JNE3668,Maroon,2
JNE3669-TU-L,JNE3669,Blue,1
JNE3669-TU-M,JNE3669,Blue,2
JNE3669-TU-XS,JNE3669,Blue,2
JNE3673-TU-XXL,JNE3673,Mustard,2
JNE3678-TU-L,JNE3678,Blue,3
JNE3679-TU-XL,JNE3679,Blue,2
JNE3679-TU-XS,JNE3679,Blue,2
JNE3679-TU-XXL,JNE3679,Blue,2
JNE3679-TU-XXXL,JNE3679,Blue,2
JNE3680-TU-L,JNE3680,Grey,157
JNE3683-TU-M,JNE3683,Pink,2
JNE3683-TU-XXL,JNE3683,Pink,2
JNE3683-TU-XXXL,JNE3683,Pink,3
JNE3693-KR-L,JNE3693,Grey,1
JNE3693-KR-XL,JNE3693,Grey,1
JNE3695-KR-L,JNE3695,Yellow,2
JNE3695-KR-XXL,JNE3695,Yellow,2
JNE3700-KR-XL,JNE3700,Green,22
JNE3712-TP-L,JNE3712,White,6
JNE3712-TP-M,JNE3712,White,7
JNE3712-TP-S,JNE3712,White,6
JNE3712-TP-XL,JNE3712,White,11
JNE3712-TP-XS,JNE3712,White,24
JNE3712-TP-XXL,JNE3712,White,24
JNE3713-TP-L,JNE3713,Grey,2
JNE3713-TP-S,JNE3713,Grey,1
JNE3713-TP-XL,JNE3713,Grey,3
JNE3713-TP-XS,JNE3713,Grey,3
JNE3713-TP-XXL,JNE3713,Grey,23
JNE3717-KR-XS,JNE3717,"Light Green",10
JNE3717-KR-XXXL,JNE3717,"Light Green",4
JNE3719-KR-XXXL,JNE3719,"TEAL GREEN ",2
JNE3722-KR-XXXL,JNE3722,"Navy Blue",2
JNE3724-KR-XXXL,JNE3724,Pink,1
JNE3725-KR-XXXL,JNE3725,Brown,20
JNE3729-KR-L,JNE3729,Yellow,3
JNE3729-KR-M,JNE3729,Yellow,5
JNE3730-KR-XXXL,JNE3730,Olive,2
JNE3736-KR-S,JNE3736,Pink,32
JNE3740-KR-XL,JNE3740,Red,17
JNE3750-KR-M,JNE3750,"Navy Blue",19
JNE3750-KR-XXL,JNE3750,"Navy Blue",2
JNE3761-KR-XXXL,JNE3761,"Olive Green",4
JNE3767-KR-S,JNE3767,Red,73
JNE3774-KR-L,JNE3774,Teal,3
JNE3777-KR-S,JNE3777,Maroon,44
JNE3779-KR-XS,JNE3779,Teal,31
JNE3780-KR-XS,JNE3780,"Navy Blue",54
JNE3796-KR-XS,JNE3796,Peach,12
JNE3825-KR-L,JNE3825,Yellow,2
JNE3826-KR-L,JNE3826,Black,19
JNE3826-KR-M,JNE3826,Black,14
JNE3826-KR-S,JNE3826,Black,22
JNE3826-KR-XL,JNE3826,Black,14
JNE3826-KR-XXL,JNE3826,Black,21
JNE3827-KR-L,JNE3827,Peach,14
JNE3827-KR-M,JNE3827,Peach,12
JNE3827-KR-S,JNE3827,Peach,8
JNE3827-KR-XL,JNE3827,Peach,20
JNE3827-KR-XXL,JNE3827,Peach,2
JNE3828-KR-L,JNE3828,"Navy Blue",7
JNE3828-KR-M,JNE3828,"Navy Blue",26
JNE3828-KR-S,JNE3828,"Navy Blue",18
JNE3828-KR-XL,JNE3828,"Navy Blue",1
JNE3828-KR-XXL,JNE3828,"Navy Blue",1
JNE3829-KR-L,JNE3829,Brown,20
JNE3829-KR-M,JNE3829,Brown,4
JNE3829-KR-S,JNE3829,Brown,5
JNE3829-KR-XL,JNE3829,Brown,7
JNE3829-KR-XXL,JNE3829,Brown,3
JNE3830-KR-L,JNE3830,Peach,2
JNE3830-KR-M,JNE3830,Peach,1
JNE3830-KR-S,JNE3830,Peach,3
JNE3830-KR-XL,JNE3830,Peach,3
JNE3830-KR-XXL,JNE3830,Peach,12
JNE3831-KR-L,JNE3831,Teal,1
JNE3831-KR-M,JNE3831,Teal,4
JNE3831-KR-S,JNE3831,Teal,9
JNE3831-KR-XL,JNE3831,Teal,7
JNE3831-KR-XXL,JNE3831,Teal,3
JNE3832-KR-L,JNE3832,Green,14
JNE3832-KR-M,JNE3832,Green,42
JNE3832-KR-S,JNE3832,Green,34
JNE3832-KR-XL,JNE3832,Green,7
JNE3832-KR-XXL,JNE3832,Green,9
JNE3839-KR-L,JNE3839,Rust,27
JNE3839-KR-M,JNE3839,Rust,27
JNE3839-KR-S,JNE3839,Rust,65
JNE3839-KR-XL,JNE3839,Rust,28
JNE3839-KR-XXL,JNE3839,Rust,32
JNE3840-KR-L,JNE3840,Wine,10
JNE3840-KR-M,JNE3840,Wine,6
JNE3840-KR-S,JNE3840,Wine,9
JNE3840-KR-XL,JNE3840,Wine,10
JNE3840-KR-XXL,JNE3840,Wine,9
JNE3841-KR-L,JNE3841,Yellow,3
JNE3841-KR-M,JNE3841,Yellow,5
JNE3841-KR-S,JNE3841,Yellow,6
JNE3841-KR-XL,JNE3841,Yellow,5
JNE3841-KR-XXL,JNE3841,Yellow,5
JNE3842-KR-L,JNE3842,Green,27
JNE3842-KR-M,JNE3842,Green,27
JNE3842-KR-S,JNE3842,Green,29
JNE3842-KR-XL,JNE3842,Green,25
JNE3842-KR-XXL,JNE3842,Green,28
JNE3843-KR-L,JNE3843,Green,13
JNE3843-KR-M,JNE3843,Green,13
JNE3843-KR-S,JNE3843,Green,17
JNE3843-KR-XL,JNE3843,Green,10
JNE3843-KR-XXL,JNE3843,Green,9
JNE3844-KR-L,JNE3844,Teal,5
JNE3844-KR-M,JNE3844,Teal,7
JNE3844-KR-S,JNE3844,Teal,12
JNE3844-KR-XL,JNE3844,Teal,10
JNE3844-KR-XXL,JNE3844,Teal,7
JNE3845-KR-L,JNE3845,Pink,12
JNE3845-KR-M,JNE3845,Pink,9
JNE3845-KR-S,JNE3845,Pink,13
JNE3845-KR-XL,JNE3845,Pink,14
JNE3845-KR-XXL,JNE3845,Pink,14
JNE3846-KR-L,JNE3846,Magenta,9
JNE3846-KR-M,JNE3846,Magenta,12
JNE3846-KR-S,JNE3846,Magenta,20
JNE3846-KR-XL,JNE3846,Magenta,8
JNE3846-KR-XXL,JNE3846,Magenta,5
JNE3847-KR-L,JNE3847,"Teal Green",2
JNE3847-KR-M,JNE3847,"Teal Green",4
JNE3847-KR-S,JNE3847,"Teal Green",6
JNE3847-KR-XL,JNE3847,"Teal Green",6
JNE3847-KR-XXL,JNE3847,"Teal Green",5
JNE3848-KR-L,JNE3848,Black,6
JNE3848-KR-M,JNE3848,Black,9
JNE3848-KR-S,JNE3848,Black,9
JNE3848-KR-XL,JNE3848,Black,17
JNE3848-KR-XXL,JNE3848,Black,13
JNE3849-KR-L,JNE3849,"Navy Blue",3
JNE3849-KR-M,JNE3849,"Navy Blue",8
JNE3849-KR-S,JNE3849,"Navy Blue",15
JNE3849-KR-XL,JNE3849,"Navy Blue",5
JNE3849-KR-XXL,JNE3849,"Navy Blue",2
JNE3850-KR-L,JNE3850,Green,16
JNE3850-KR-M,JNE3850,Green,17
JNE3850-KR-S,JNE3850,Green,3
JNE3850-KR-XL,JNE3850,Green,1
JNE3850-KR-XXL,JNE3850,Green,6
JNE3851-KR-L,JNE3851,Green,7
JNE3851-KR-M,JNE3851,Green,24
JNE3851-KR-S,JNE3851,Green,35
JNE3851-KR-XL,JNE3851,Green,6
JNE3851-KR-XXL,JNE3851,Green,3
JNE3852-KR-L,JNE3852,Wine,8
JNE3852-KR-M,JNE3852,Wine,30
JNE3852-KR-S,JNE3852,Wine,27
JNE3852-KR-XXL,JNE3852,Wine,33
JNE3853-KR-L,JNE3853,Magenta,8
JNE3853-KR-M,JNE3853,Magenta,14
JNE3853-KR-S,JNE3853,Magenta,30
JNE3853-KR-XXL,JNE3853,Magenta,6
JNE3854-KR-L,JNE3854,"Olive Green",4
JNE3854-KR-M,JNE3854,"Olive Green",14
JNE3854-KR-S,JNE3854,"Olive Green",9
JNE3854-KR-XL,JNE3854,"Olive Green",16
JNE3854-KR-XXL,JNE3854,"Olive Green",5
JNE3855-KR-L,JNE3855,Green,5
JNE3855-KR-M,JNE3855,Green,12
JNE3855-KR-S,JNE3855,Green,12
JNE3855-KR-XL,JNE3855,Green,8
JNE3855-KR-XXL,JNE3855,Green,9
JNE3857-KR-L,JNE3857,Maroon,6
JNE3857-KR-M,JNE3857,Maroon,2
JNE3857-KR-S,JNE3857,Maroon,1
JNE3857-KR-XL,JNE3857,Maroon,8
JNE3857-KR-XXL,JNE3857,Maroon,5
JNE3858-KR-L,JNE3858,"Olive Green",26
JNE3858-KR-M,JNE3858,"Olive Green",2
JNE3858-KR-S,JNE3858,"Olive Green",4
JNE3858-KR-XL,JNE3858,"Olive Green",26
JNE3858-KR-XXL,JNE3858,"Olive Green",20
JNE3859-KR-L,JNE3859,Blue,4
JNE3859-KR-M,JNE3859,Blue,7
JNE3859-KR-S,JNE3859,Blue,11
JNE3859-KR-XL,JNE3859,Blue,5
JNE3859-KR-XXL,JNE3859,Blue,6
JNE3871-KR-L,JNE3871,Yellow,95
JNE3871-KR-M,JNE3871,Yellow,92
JNE3871-KR-XL,JNE3871,Yellow,96
JNE3871-KR-XS,JNE3871,Yellow,78
JNE3871-KR-XXL,JNE3871,Yellow,97
JNE3871-KR-XXXL,JNE3871,Yellow,76
JNE3872-KR-S,JNE3872,NAVY,88
JNE3872-KR-XS,JNE3872,NAVY,80
JNE3875-KR-XS,JNE3875,Green,66
JNE3886-KR-S,JNE3886,Red,72
JNE3886-KR-XS,JNE3886,Red,60
JNE3889-KR-L,JNE3889,Green,43
JNE3889-KR-XL,JNE3889,Green,48
JNE3889-KR-XS,JNE3889,Green,50
JNE3889-KR-XXXL,JNE3889,Green,54
JNE3890-TP-XS,JNE3890,Cream,60
JNE3891-TP-S,JNE3891,"Light Green",68
JNE3891-TP-XL,JNE3891,"Light Green",58
JNE3891-TP-XS,JNE3891,"Light Green",69
JNE3891-TP-XXL,JNE3891,"Light Green",66
JNE3894-TP-XS,JNE3894,Blue,53
JNE3895-TP-S,JNE3895,Beige,67
JNE3895-TP-XS,JNE3895,Beige,61
JNE3896-KR-L,JNE3896,Wine,5
JNE3896-KR-M,JNE3896,Wine,12
JNE3896-KR-S,JNE3896,Wine,14
JNE3896-KR-XS,JNE3896,Wine,9
JNE3896-KR-XXL,JNE3896,Wine,14
JNE3897-KR-L,JNE3897,Rust,17
JNE3897-KR-M,JNE3897,Rust,33
JNE3897-KR-XS,JNE3897,Rust,22
JNE3897-KR-XXL,JNE3897,Rust,30
JNE3898-KR-L,JNE3898,"Sea Green",17
JNE3898-KR-XS,JNE3898,"Sea Green",23
JNE3898-KR-XXL,JNE3898,"Sea Green",21
JNE3899-KR-M,JNE3899,Yellow,24
JNE3899-KR-XL,JNE3899,Yellow,22
JNE3899-KR-XS,JNE3899,Yellow,22
JNE3899-KR-XXXL,JNE3899,Yellow,12
JNE3900-KR-L,JNE3900,Teal,28
JNE3900-KR-M,JNE3900,Teal,21
JNE3900-KR-S,JNE3900,Teal,28
JNE3900-KR-XL,JNE3900,Teal,20
JNE3900-KR-XS,JNE3900,Teal,22
JNE3900-KR-XXL,JNE3900,Teal,23
JNE3900-KR-XXXL,JNE3900,Teal,19
JNE3901-KR-L,JNE3901,Teal,71
JNE3901-KR-M,JNE3901,Teal,70
JNE3901-KR-S,JNE3901,Teal,71
JNE3901-KR-XL,JNE3901,Teal,72
JNE3901-KR-XS,JNE3901,Teal,58
JNE3901-KR-XXL,JNE3901,Teal,70
JNE3901-KR-XXXL,JNE3901,Teal,58
JNE3902-KR-XS,JNE3902,Pink,26
JNE3903-KR-S,JNE3903,Brown,41
JNE3906-KR-S,JNE3906,"Navy Blue",72
JNE3906-KR-XS,JNE3906,"Navy Blue",58
JNE3906-KR-XXL,JNE3906,"Navy Blue",70
JNE3907-KR-M,JNE3907,"Navy Blue",69
JNE3907-KR-S,JNE3907,"Navy Blue",67
JNE3907-KR-XL,JNE3907,"Navy Blue",71
JNE3907-KR-XXL,JNE3907,"Navy Blue",70
JNE3907-KR-XXXL,JNE3907,"Navy Blue",56
JNE3908-KR-XXXL,JNE3908,"Navy Blue",41
JNE3909-KR-L,JNE3909,"Dark Blue",66
JNE3909-KR-XS,JNE3909,"Dark Blue",58
JNE3909-KR-XXXL,JNE3909,"Dark Blue",57
JNE3924-TU-S,JNE3924,MINT,41
JNE3924-TU-XL,JNE3924,MINT,32
JNE3924-TU-XXL,JNE3924,MINT,34
JNE3924-TU-XXXL,JNE3924,MINT,27
JNE3925-TU-L,JNE3925,Pink,47
JNE3925-TU-M,JNE3925,Pink,46
JNE3925-TU-S,JNE3925,Pink,54
JNE3925-TU-XL,JNE3925,Pink,49
JNE3925-TU-XS,JNE3925,Pink,41
JNE3925-TU-XXL,JNE3925,Pink,48
JNE3925-TU-XXXL,JNE3925,Pink,35
JNE3926-KR-L,JNE3926,Beige,58
JNE3926-KR-M,JNE3926,Beige,61
JNE3926-KR-S,JNE3926,Beige,49
JNE3926-KR-XL,JNE3926,Beige,51
JNE3926-KR-XS,JNE3926,Beige,43
JNE3926-KR-XXL,JNE3926,Beige,51
JNE3926-KR-XXXL,JNE3926,Beige,42
JNE3927-KR-L,JNE3927,Pink,60
JNE3927-KR-S,JNE3927,Pink,68
JNE3927-KR-XXL,JNE3927,Pink,67
JNE3927-KR-XXXL,JNE3927,Pink,50
MEN5005-KR-S,MEN5005,Multicolor,2
MEN5010-KR-S,MEN5010,Blue,8
MEN5012-KR-XXL,MEN5012,Blue,2
MEN5015-KR-XXXL,MEN5015,Pink,1
MEN5016-KR-L,MEN5016,Teal,1
MEN5016-KR-XL,MEN5016,Teal,2
MEN5017-KR-XXL,MEN5017,Black,2
MEN5017-KR-XXXL,MEN5017,Black,3
MEN5020-KR-L,MEN5020,Brown,3
MEN5020-KR-M,MEN5020,Brown,2
MEN5020-KR-XL,MEN5020,Brown,2
MEN5020-KR-XXL,MEN5020,Brown,2
NW006-ST-SR-XXL,NW006,Beige,26
NW007-ST-CP-M,NW007,White,32
NW007-ST-CP-S,NW007,White,37
NW007-ST-CP-XS,NW007,White,24
NW020-ST-SR-M,NW020,Peach,2
NW023-ST-SR-L,NW023,Blue,32
NW023-ST-SR-M,NW023,Blue,33
NW023-ST-SR-S,NW023,Blue,36
NW023-ST-SR-XS,NW023,Blue,45
NW023-ST-SR-XXL,NW023,Blue,37
NW023-ST-SR-XXXL,NW023,Blue,29
NW027-TP-PJ-L,NW027,Pink,2
NW036-ST-SR-XL,NW036,White,18
NW038-ST-SR-S,NW038,Blue,2
PJ0096-KR-4XL,PJ0096,Blue,70
PJ0096-KR-5XL,PJ0096,Blue,90
PJ0096-KR-6XL,PJ0096,Blue,85
PJNE1906-KR-4XL,PJNE1906,Black,8
PJNE1906-KR-5XL,PJNE1906,Black,36
PJNE1906-KR-6XL,PJNE1906,Black,55
PJNE2014-KR-4XL,PJNE2014,Multicolor,30
PJNE2014-KR-5XL,PJNE2014,Multicolor,57
PJNE2014-KR-6XL,PJNE2014,Multicolor,87
PJNE2100-KR-4XL,PJNE2100,Teal,70
PJNE2100-KR-5XL,PJNE2100,Teal,47
PJNE2100-KR-6XL,PJNE2100,Teal,104
PJNE2171-KR-4XL,PJNE2171,White,38
PJNE2171-KR-5XL,PJNE2171,White,43
PJNE2171-KR-6XL,PJNE2171,White,61
PJNE2199-KR-4XL,PJNE2199,Pink,53
PJNE2199-KR-5XL,PJNE2199,Pink,54
PJNE2199-KR-6XL,PJNE2199,Pink,11
PJNE2270-KR-4XL,PJNE2270,Beige,24
PJNE2270-KR-5XL,PJNE2270,Beige,6
PJNE2270-KR-6XL,PJNE2270,Beige,3
PJNE3252-KR-4XL,PJNE3252,Pink,56
PJNE3252-KR-5XL,PJNE3252,Pink,48
PJNE3252-KR-6XL,PJNE3252,Pink,94
PJNE3363-KR-4XL,PJNE3363,"Dark Blue",90
PJNE3363-KR-5XL,PJNE3363,"Dark Blue",164
PJNE3363-KR-6XL,PJNE3363,"Dark Blue",138
PJNE3373-KR-4XL,PJNE3373,Black,8
PJNE3373-KR-5XL,PJNE3373,Black,2
PJNE3373-KR-6XL,PJNE3373,Black,17
PJNE3399-KR-4XL,PJNE3399,"Turquoise Blue",12
PJNE3399-KR-5XL,PJNE3399,"Turquoise Blue",19
PJNE3399-KR-6XL,PJNE3399,"Turquoise Blue",24
PJNE3404-KR-4XL,JNE3404,Wine,23
PJNE3404-KR-5XL,JNE3404,Wine,2
PJNE3404-KR-6XL,PJNE3404,Mauve,3
PJNE3405-KR-4XL,PJNE3405,Pink,100
PJNE3405-KR-5XL,JNE3405,Pink,158
PJNE3405-KR-6XL,JNE3405,Pink,149
PJNE3421-KR-4XL,PJNE3421,Grey,64
PJNE3421-KR-5XL,PJNE3421,Grey,41
PJNE3421-KR-6XL,PJNE3421,Grey,14
PJNE3423-KR-4XL,PJNE3423,Black,15
PJNE3423-KR-5XL,PJNE3423,Black,43
PJNE3423-KR-6XL,PJNE3423,Black,6
PJNE3439-KR-4XL,PJNE3439,"Navy Blue",27
PJNE3439-KR-5XL,PJNE3439,"Navy Blue",14
PJNE3439-KR-6XL,PJNE3439,"Navy Blue",19
PJNE3440-KR-4XL,PJNE3440,White,47
PJNE3440-KR-5XL,PJNE3440,White,21
PJNE3440-KR-6XL,PJNE3440,White,4
PJNE3445-KR-4XL,PJNE3445,White,41
PJNE3445-KR-5XL,PJNE3445,White,14
PJNE3445-KR-6XL,PJNE3445,White,10
PJNE3567-KR-4XL,PJNE3567,Blue,42
PJNE3567-KR-5XL,PJNE3567,Blue,32
PJNE3567-KR-6XL,PJNE3567,Blue,46
PJNE3568-KR-4XL,PJNE3568,Yellow,3
PJNE3568-KR-5XL,PJNE3568,Yellow,7
PJNE3568-KR-6XL,PJNE3568,Yellow,4
SAR033,SAR033,"Sea Green",8
SAR035,SAR035,Pink,3
SAR038,SAR038,Green,4
SAR043,SAR043,Grey,29
SAR044,SAR044,Pink,83
SAR045,SAR045,Mustard,19
SAR047,SAR047,Mustard,32
SAR050,SAR050,Maroon,1
SAR052,SAR052,Green,33
SAR054,SAR054,Red,42
SAR055,SAR055,Maroon,2
SAR057,SAR057,Green,2
SAR058,SAR058,Black,2
SAR060,SAR060,Green,40
SAR064,SAR064,Grey,2
SAR072,SAR072,Black,2
SAR073,SAR073,Green,2
SAR074,SAR074,Brown,5
SAR075,SAR075,Black,6
SAR090,SAR090,Blue,19
SAR093,SAR093,Red,4
SAR094,SAR094,Red,9
SAR095,SAR095,Blue,46
SAR099,SAR099,Grey,5
SAR103,SAR103,Maroon,10
SAR104,SAR104,Blue,7
SAR105,SAR105,Pink,7
SAR111,SAR111,Green,19
SAR116,SAR116,Teal,1
SAR131,SAR131,Red,6
SAR133,SAR133,Pink,4
SAR139,SAR139,Black,2
SAR141,SAR141,Purple,6
SAR142,SAR142,Multicolor,3
SAR143,SAR143,Beige,6
SAR144,SAR144,Beige,32
SAR145,SAR145,Pink,32
SAR146,SAR146,Green,30
SAR147,SAR147,Rust,25
SAR150,SAR150,"Sea Green",20
SAR151,SAR151,Green,32
SAR153,SAR153,Blue,28
SAR155,SAR155,Orange,30
SAR156,SAR156,Yellow,25
SAR157,SAR157,Multicolor,32
SAR158,SAR158,Peach,34
SAR160,SAR160,Black,40
SAR161,SAR161,Purple,52
SAR162,SAR162,Brown,33
SAR164,SAR164,Teal,10
SAR166,SAR166,Yellow,16
SAR168,SAR168,"NO REFERENCE",16
SAR169,SAR169,Peach,45
SAR170,SAR170,Mauve,35
SAR171,SAR171,Multicolor,37
SAR172,SAR172,Pink,44
SAR175,SAR175,Teal,50
SAR176,SAR176,Maroon,14
SAR177,SAR177,Peach,55
SAR178,SAR178,Pink,3
SAR179,SAR179,Teal,10
SAR180,SAR180,Brown,16
SAR182,SAR182,Black,4
SAR183,SAR183,Green,18
SAR184,SAR184,Blue,13
SAR185,SAR185,Maroon,10
SET004-KR-SP-L,SET004,Grey,2
SET004-KR-SP-XS,SET004,Grey,22
SET007-KR-NP-S,SET007,Multicolor,1
SET007-KR-NP-XS,SET007,Multicolor,1
SET007-KR-NP-XXL,SET007,Multicolor,1
SET025-KR-SP-S,SET025,Pink,1
SET025-KR-SP-XS,SET025,Pink,1
SET034-KR-NP-M,SET034,Pink,2
SET034-KR-NP-XS,SET034,Pink,5
SET035-KR-SP-M,SET035,Grey,1
SET035-KR-SP-S,SET035,Grey,4
SET035-KR-SP-XL,SET035,Grey,1
SET036-KR-NP-L,SET036,Brown,1
SET036-KR-NP-XXL,SET036,Brown,1
SET037-KR-NP-XS,SET037,Peach,10
SET043-KR-NP-XXL,SET043,"Turquoise Blue",60
SET051-KR-NP-M,SET051,Yellow,1
SET051-KR-NP-XS,SET051,Yellow,1
SET051-KR-NP-XXL,SET051,Yellow,1
SET070-KR-NP-S,SET070,Maroon,1
SET072-KR-SHA-L,SET072,Brown,1
SET075-KR-DH-M,SET075,Pink,2
SET075-KR-DH-XL,SET075,Pink,1
SET083-KR-PP-L,SET083,"Navy Blue",2
SET083-KR-PP-S,SET083,"Navy Blue",6
SET083-KR-PP-XS,SET083,"Navy Blue",36
SET091-KR-NP-L,SET091,Beige,1
SET091-KR-NP-M,SET091,Beige,1
SET091-KR-NP-XL,SET091,Beige,1
SET091-KR-NP-XS,SET091,Beige,5
SET097-KR-PP-M,SET097,Mustard,30
SET097-KR-PP-S,SET097,Mustard,17
SET098-KR-PP-XS,SET098,"Navy Blue",132
SET102-KR-PP-L,SET102,"Navy Blue",1
SET102-KR-PP-XL,SET102,"Navy Blue",1
SET102-KR-PP-XXL,SET102,"Navy Blue",2
SET102-KR-PP-XXXL,SET102,"Navy Blue",1
SET117-KR-NP-XS,SET117,Blue,1
SET135-KR-PP-L,SET135,"Navy Blue",2
SET139-KR-PP-M,SET139,Maroon,1
SET143-KR-PP-XL,SET143,Red,1
SET153-KR-NP-M,SET153,Black,1
SET153-KR-NP-XL,SET153,Black,1
SET155-KR-PP-M,SET155,Grey,1
SET155-KR-PP-XL,SET155,Grey,1
SET159-KR-NP-L,SET159,Beige,1
SET159-KR-NP-M,SET159,Beige,1
SET159-KR-NP-XL,SET159,Beige,1
SET172-KR-PP-L,SET172,Multicolor,51
SET172-KR-PP-M,SET172,Multicolor,59
SET172-KR-PP-S,SET172,Multicolor,22
SET172-KR-PP-XL,SET172,Multicolor,9
SET172-KR-PP-XS,SET172,Multicolor,28
SET172-KR-PP-XXL,SET172,Multicolor,65
SET172-KR-PP-XXXL,SET172,Multicolor,104
SET179-KR-PP-M,SET179,White,1
SET185-KR-NP-XXXL,SET185,Mustard,7
SET191-KR-PP-L,SET191,"Navy Blue",1
SET191-KR-PP-S,SET191,"Navy Blue",3
SET191-KR-PP-XS,SET191,"Navy Blue",35
SET191-KR-PP-XXL,SET191,"Navy Blue",2
SET191-KR-PP-XXXL,SET191,"Navy Blue",1
SET193-KR-NP-L,SET193,Pink,1
SET193-KR-NP-M,SET193,Pink,4
SET193-KR-NP-S,SET193,Pink,29
SET193-KR-NP-XL,SET193,Pink,11
SET193-KR-NP-XS,SET193,Pink,10
SET193-KR-NP-XXL,SET193,Pink,32
SET193-KR-NP-XXXL,SET193,Pink,42
SET195-KR-NP-L,SET195,Beige,8
SET195-KR-NP-M,SET195,Beige,3
SET195-KR-NP-S,SET195,Beige,6
SET195-KR-NP-XL,SET195,Beige,4
SET195-KR-NP-XS,SET195,Beige,19
SET195-KR-NP-XXL,SET195,Beige,7
SET195-KR-NP-XXXL,SET195,Beige,16
SET198-KR-NP-L,SET198,Pink,2
SET198-KR-NP-M,SET198,Pink,3
SET198-KR-NP-S,SET198,Pink,4
SET198-KR-NP-XL,SET198,Pink,3
SET198-KR-NP-XS,SET198,Pink,25
SET198-KR-NP-XXL,SET198,Pink,3
SET198-KR-NP-XXXL,SET198,Pink,2
SET199-KR-NP-S,SET199,Peach,45
SET199-KR-NP-XS,SET199,Peach,40
SET200-KR-NP-L,SET200,Maroon,1
SET200-KR-NP-M,SET200,Maroon,3
SET200-KR-NP-S,SET200,Maroon,13
SET200-KR-NP-XL,SET200,Maroon,2
SET200-KR-NP-XS,SET200,Maroon,68
SET200-KR-NP-XXL,SET200,Maroon,5
SET200-KR-NP-XXXL,SET200,Maroon,1
SET201-KR-NP-L,SET201,Olive,2
SET201-KR-NP-M,SET201,Olive,4
SET201-KR-NP-S,SET201,Olive,2
SET201-KR-NP-XL,SET201,Olive,2
SET201-KR-NP-XS,SET201,Olive,11
SET201-KR-NP-XXL,SET201,Olive,1
SET201-KR-NP-XXXL,SET201,Olive,2
SET203-KR-DPT-M,SET203,Maroon,37
SET205-KR-DPT-L,SET205,Yellow,2
SET205-KR-DPT-M,SET205,Yellow,9
SET205-KR-DPT-S,SET205,Yellow,15
SET205-KR-DPT-XL,SET205,Yellow,3
SET205-KR-DPT-XS,SET205,Yellow,15
SET205-KR-DPT-XXL,SET205,Yellow,6
SET205-KR-DPT-XXXL,SET205,Yellow,4
SET206-KR-PP-XS,SET206,Cream,2
SET206-KR-PP-XXL,SET206,Cream,1
SET211-KR-DPT-L,SET211,Teal,1
SET211-KR-DPT-M,SET211,Teal,1
SET211-KR-DPT-S,SET211,Teal,2
SET211-KR-DPT-XL,SET211,Teal,1
SET211-KR-DPT-XS,SET211,Teal,2
SET211-KR-DPT-XXXL,SET211,Teal,1
SET213-KR-DPT-XXL,SET213,Grey,2
SET214-KR-DPT-L,SET214,Mustard,2
SET214-KR-DPT-M,SET214,Mustard,1
SET214-KR-DPT-XS,SET214,Mustard,2
SET214-KR-DPT-XXL,SET214,Mustard,3
SET216-KR-PP-M,SET216,"Light Green",3
SET216-KR-PP-S,SET216,"Light Green",3
SET216-KR-PP-XXL,SET216,"Light Green",1
SET218-KR-NP-L,SET218,"Sky Blue",4
SET221-KR-NP-XS,SET221,Mustard,44
SET223-KR-NP-L,SET223,Pink,1
SET223-KR-NP-M,SET223,Pink,2
SET223-KR-NP-XL,SET223,Pink,2
SET225-KR-NP-L,SET225,Mustard,2
SET225-KR-NP-S,SET225,Mustard,2
SET225-KR-NP-XL,SET225,Mustard,14
SET225-KR-NP-XS,SET225,Mustard,9
SET225-KR-NP-XXL,SET225,Mustard,5
SET226-KR-PP-L,SET226,Grey,33
SET227-KR-PP-L,SET227,Pink,2
SET227-KR-PP-M,SET227,Pink,6
SET227-KR-PP-S,SET227,Pink,4
SET227-KR-PP-XL,SET227,Pink,6
SET227-KR-PP-XS,SET227,Pink,6
SET227-KR-PP-XXL,SET227,Pink,6
SET227-KR-PP-XXXL,SET227,Pink,2
SET228-KR-PP-L,SET228,Yellow,9
SET228-KR-PP-M,SET228,Yellow,30
SET228-KR-PP-S,SET228,Yellow,6
SET228-KR-PP-XL,SET228,Yellow,2
SET228-KR-PP-XS,SET228,Yellow,46
SET228-KR-PP-XXL,SET228,Yellow,6
SET228-KR-PP-XXXL,SET228,Yellow,2
SET229-KR-PP-S,SET229,Mauve,36
SET230-KR-PP-M,SET230,Blue,30
SET231-KR-PP-M,SET231,Cream,2
SET231-KR-PP-XL,SET231,Cream,2
SET231-KR-PP-XXL,SET231,Cream,2
SET232-KR-PP-XXXL,SET232,Pink,8
SET235-KR-PP-S,SET235,Beige,1
SET235-KR-PP-XL,SET235,Beige,1
SET238-KR-PP-L,SET238,Grey,2
SET238-KR-PP-XS,SET238,Grey,35
SET238-KR-PP-XXXL,SET238,Grey,2
SET241-KR-PP-XXL,SET241,"Turquoise Green",1
SET242-KR-PP-L,SET242,Black,2
SET242-KR-PP-XL,SET242,Black,3
SET242-KR-PP-XXXL,SET242,Black,2
SET247-KR-SHA-XXL,SET247,Teal,2
SET247-KR-SHA-XXXL,SET247,Teal,4
SET248-KR-NP-S,SET248,Teal,4
SET260-KR-PP-M,SET260,Grey,1
SET260-KR-PP-XL,SET260,Grey,1
SET260-KR-PP-XXL,SET260,Grey,3
SET261-KR-PP-L,SET261,Turquoise,1
SET262-KR-NP-S,SET262,Green,4
SET262-KR-NP-XS,SET262,Green,44
SET262-KR-NP-XXXL,SET262,Green,45
SET263-KR-NP-L,SET263,Turquoise,4
SET263-KR-NP-M,SET263,Turquoise,6
SET263-KR-NP-XXL,SET263,Turquoise,17
SET263-KR-NP-XXXL,SET263,Turquoise,28
SET271-KR-NP-XL,SET271,Green,5
SET272-KR-PP-XS,SET272,Mustard,46
SET272-KR-PP-XXXL,SET272,Mustard,17
SET274-KR-PP-XL,SET274,Yellow,13
SET274-KR-PP-XXL,SET274,Yellow,39
SET275-KR-NP-M,SET275,Blue,2
SET281-KR-PP-XS,SET281,Green,17
SET281-KR-PP-XXXL,SET281,Green,8
SET297-KR-NP-XS,SET297,Yellow,2
SET301-KR-PP-XS,SET301,Magenta,55
SET301-KR-PP-XXXL,SET301,Magenta,56
SET311-KR-NP-M,SET311,Yellow,56
SET311-KR-NP-XXL,SET311,Yellow,64
SET311-KR-NP-XXXL,SET311,Yellow,61
SET315-KR-PP-S,SET315,White,63
SET315-KR-PP-XS,SET315,White,32
SET315-KR-PP-XXL,SET315,White,58
SET336-KR-NP-XL,SET336,Maroon,3
SET342-KR-NP-L,SET342,"OFF WHITE",10
SET342-KR-NP-M,SET342,"OFF WHITE",16
SET342-KR-NP-S,SET342,"OFF WHITE",56
SET342-KR-NP-XL,SET342,"OFF WHITE",19
SET342-KR-NP-XS,SET342,"OFF WHITE",45
SET342-KR-NP-XXL,SET342,"OFF WHITE",43
SET342-KR-NP-XXXL,SET342,"OFF WHITE",54
SET352-KR-NP-XS,SET352,Maroon,51
SET397-KR-NP-M,SET397,"TEAL BLUE ",8
SET403-KR-NP-XS,SET403,Green,48
SET409-KR-NP-XXL,SET409,Wine,74
SET432-KR-PP-XS,SET432,Wine,50
SET432-KR-PP-XXXL,SET432,Wine,69
SET437-KR-PP-XL,SET437,Wine,70
SET437-KR-PP-XS,SET437,Wine,69
SET438-KR-NP-L,SET438,Pink,66
SET438-KR-NP-S,SET438,Pink,68
SET438-KR-NP-XS,SET438,Pink,62
SET438-KR-NP-XXXL,SET438,Pink,61
SET440-KR-PP-L,SET440,Maroon,65
SET440-KR-PP-M,SET440,Maroon,66
SET440-KR-PP-S,SET440,Maroon,64
SET440-KR-PP-XL,SET440,Maroon,66
SET440-KR-PP-XS,SET440,Maroon,60
SET440-KR-PP-XXL,SET440,Maroon,35
SET440-KR-PP-XXXL,SET440,Maroon,53
SET442-KR-NP-S,SET442,"Sky Blue",51
SET442-KR-NP-XL,SET442,"Sky Blue",29
SET442-KR-NP-XS,SET442,"Sky Blue",45
SET442-KR-NP-XXL,SET442,"Sky Blue",44
SET445-KR-NP-L,SET445,Pink,61
SET445-KR-NP-M,SET445,Pink,59
SET445-KR-NP-XL,SET445,Pink,38
SET445-KR-NP-XS,SET445,Pink,40
SET445-KR-NP-XXL,SET445,Pink,76
SET445-KR-NP-XXXL,SET445,Pink,40
SET446-KR-NP-L,SET446,Teal,17
SET446-KR-NP-M,SET446,Teal,40
SET446-KR-NP-S,SET446,Teal,77
SET446-KR-NP-XL,SET446,Teal,38
SET446-KR-NP-XXL,SET446,Teal,38
SET446-KR-NP-XXXL,SET446,Teal,40
SET448-KR-PP-L,SET448,"Dark Blue",51
SET448-KR-PP-M,SET448,"Dark Blue",79
SET448-KR-PP-S,SET448,"Dark Blue",59
SET448-KR-PP-XL,SET448,"Dark Blue",60
SET448-KR-PP-XS,SET448,"Dark Blue",62
SET448-KR-PP-XXL,SET448,"Dark Blue",60
SET448-KR-PP-XXXL,SET448,"Dark Blue",65
SET449-KR-NP-L,SET449,Wine,35
SET449-KR-NP-XL,SET449,Wine,33
SET449-KR-NP-XS,SET449,Wine,40
SET449-KR-NP-XXL,SET449,Wine,76
SET449-KR-NP-XXXL,SET449,Wine,61
SET461-KR-NP-L,SET461,Peach,74
SET461-KR-NP-M,SET461,Peach,73
SET461-KR-NP-S,SET461,Peach,73
SET461-KR-NP-XXXL,SET461,Peach,57
SET462-KR-NP-L,SET462,Teal,67
SET462-KR-NP-M,SET462,Teal,60
SET462-KR-NP-XL,SET462,Teal,58
SET462-KR-NP-XS,SET462,Teal,20
SET462-KR-NP-XXL,SET462,Teal,66
SET462-KR-NP-XXXL,SET462,Teal,40
